user_id,course_id,completed,completed_date
u_0001,c_004,True,2025-07-31
u_0001,c_005,True,2026-04-18
u_0001,c_008,False,2025-12-09
u_0002,c_013,False,2025-10-28
u_0002,c_011,True,2026-04-17
u_0003,c_011,False,2025-12-14
u_0003,c_012,True,2025-05-19
u_0003,c_010,False,2026-02-24
u_0003,c_001,True,2026-02-18
u_0004,c_011,True,2025-05-08
u_0005,c_006,True,2025-04-10
u_0005,c_009,True,2025-06-23
u_0005,c_003,False,2025-12-25
u_0005,c_012,False,2025-11-12
u_0006,c_013,True,2026-01-30
u_0007,c_007,True,2025-04-13
u_0007,c_002,False,2026-03-18
u_0008,c_014,False,2026-02-17
u_0008,c_003,True,2025-08-05
u_0008,c_015,True,2025-12-06
u_0008,c_004,True,2025-12-29
u_0008,c_011,True,2025-12-03
u_0008,c_010,True,2025-07-24
u_0010,c_009,False,2026-03-31
u_0010,c_001,False,2025-10-03
u_0010,c_011,True,2025-11-23
u_0011,c_011,True,2026-03-07
u_0012,c_015,True,2025-05-31
u_0012,c_007,True,2026-01-23
u_0012,c_003,True,2025-10-12
u_0013,c_014,True,2025-04-09
u_0013,c_008,True,2025-11-11
u_0013,c_005,False,2026-03-14
u_0013,c_007,True,2025-05-02
u_0013,c_011,True,2026-02-10
u_0014,c_014,False,2026-04-17
u_0014,c_006,True,2025-05-14
u_0015,c_015,True,2025-06-12
u_0016,c_015,True,2025-07-19
u_0017,c_009,True,2025-08-21
u_0017,c_013,True,2026-03-24
u_0017,c_005,False,2026-03-20
u_0018,c_005,True,2025-12-12
u_0018,c_009,True,2025-07-20
u_0019,c_012,True,2026-01-31
u_0022,c_006,True,2026-03-22
u_0022,c_013,True,2025-10-22
u_0022,c_014,False,2025-08-02
u_0022,c_012,True,2026-03-06
u_0022,c_009,False,2025-09-14
u_0023,c_002,True,2025-05-29
u_0023,c_001,True,2025-12-10
u_0023,c_006,True,2025-08-09
u_0024,c_013,False,2025-09-18
u_0024,c_007,True,2026-04-15
u_0024,c_002,True,2025-06-08
u_0024,c_006,False,2025-05-08
u_0024,c_008,True,2025-12-07
u_0024,c_004,True,2025-05-19
u_0025,c_013,True,2025-12-14
u_0025,c_010,True,2025-09-20
u_0026,c_014,False,2026-01-30
u_0026,c_011,True,2025-06-20
u_0026,c_001,True,2026-04-09
u_0027,c_013,True,2025-11-07
u_0028,c_013,True,2025-06-10
u_0028,c_008,True,2025-09-29
u_0029,c_008,False,2025-11-22
u_0029,c_004,True,2025-10-01
u_0029,c_001,True,2025-08-11
u_0030,c_013,False,2025-04-30
u_0030,c_004,True,2025-05-19
u_0030,c_008,True,2025-09-08
u_0030,c_011,True,2025-07-24
u_0031,c_005,True,2025-08-31
u_0031,c_014,False,2025-09-12
u_0032,c_001,True,2025-08-09
u_0032,c_003,True,2026-03-15
u_0032,c_010,False,2025-10-22
u_0032,c_014,True,2025-11-15
u_0033,c_007,True,2025-06-07
u_0033,c_015,True,2025-11-13
u_0034,c_008,True,2025-09-19
u_0034,c_002,True,2026-04-06
u_0034,c_012,False,2025-10-21
u_0035,c_010,False,2025-12-13
u_0035,c_003,True,2026-02-03
u_0035,c_004,True,2025-10-24
u_0035,c_009,False,2026-03-20
u_0035,c_007,True,2025-08-11
u_0036,c_004,True,2025-10-05
u_0036,c_003,True,2025-08-09
u_0036,c_001,True,2025-09-23
u_0036,c_012,True,2026-03-16
u_0037,c_010,True,2026-01-29
u_0037,c_007,True,2025-11-04
u_0037,c_012,True,2025-04-03
u_0037,c_002,True,2025-07-06
u_0038,c_001,False,2026-01-28
u_0038,c_012,True,2025-12-10
u_0038,c_008,False,2025-09-19
u_0039,c_014,False,2025-04-13
u_0039,c_002,True,2025-12-24
u_0039,c_010,True,2025-06-13
u_0041,c_004,True,2026-03-26
u_0041,c_003,True,2025-06-27
u_0042,c_002,True,2025-11-22
u_0042,c_013,True,2026-02-26
u_0043,c_008,True,2025-08-27
u_0043,c_002,True,2026-02-08
u_0043,c_007,False,2025-10-06
u_0043,c_003,True,2025-08-24
u_0044,c_004,True,2025-11-02
u_0044,c_001,False,2025-04-03
u_0044,c_006,True,2026-01-23
u_0044,c_003,True,2025-07-03
u_0046,c_003,True,2025-08-14
u_0046,c_011,True,2025-05-08
u_0047,c_014,True,2025-07-18
u_0047,c_002,True,2025-10-20
u_0047,c_008,True,2025-11-13
u_0047,c_013,True,2025-09-21
u_0048,c_010,True,2025-07-14
u_0050,c_004,True,2025-11-10
u_0051,c_004,False,2025-04-15
u_0051,c_009,False,2025-10-19
u_0051,c_001,True,2025-08-10
u_0051,c_014,True,2025-06-18
u_0051,c_015,True,2026-02-08
u_0052,c_010,True,2025-06-30
u_0052,c_004,False,2025-05-13
u_0052,c_012,True,2026-01-17
u_0052,c_015,True,2025-10-14
u_0052,c_014,True,2025-09-24
u_0052,c_003,False,2025-04-23
u_0052,c_008,True,2026-01-12
u_0052,c_013,True,2025-04-29
u_0053,c_007,True,2025-06-23
u_0053,c_011,False,2026-02-22
u_0053,c_006,True,2025-09-28
u_0053,c_003,True,2026-01-25
u_0054,c_011,True,2025-11-16
u_0054,c_010,False,2025-03-30
u_0054,c_006,False,2026-01-03
u_0055,c_012,True,2025-04-10
u_0055,c_008,True,2025-04-21
u_0055,c_006,False,2025-04-04
u_0056,c_010,True,2025-07-03
u_0056,c_001,True,2025-10-06
u_0057,c_005,True,2025-06-26
u_0057,c_015,True,2025-09-24
u_0057,c_009,True,2025-08-03
u_0057,c_010,True,2025-06-26
u_0057,c_001,True,2025-06-23
u_0057,c_012,True,2025-09-29
u_0058,c_015,False,2025-09-15
u_0059,c_015,True,2025-09-18
u_0059,c_012,True,2025-09-14
u_0060,c_010,False,2026-01-07
u_0061,c_004,True,2025-07-06
u_0061,c_013,True,2025-08-27
u_0061,c_014,True,2025-10-17
u_0062,c_013,True,2026-01-12
u_0062,c_009,False,2026-04-13
u_0062,c_001,False,2026-02-23
u_0064,c_001,True,2025-09-16
u_0065,c_010,True,2025-04-27
u_0065,c_015,True,2025-06-11
u_0066,c_002,False,2025-10-06
u_0066,c_008,True,2025-06-19
u_0066,c_014,True,2025-04-06
u_0066,c_005,True,2025-07-01
u_0067,c_004,True,2026-02-11
u_0067,c_008,True,2026-01-24
u_0068,c_002,True,2025-05-20
u_0068,c_012,True,2025-10-06
u_0069,c_014,False,2025-10-20
u_0069,c_005,True,2025-10-12
u_0069,c_008,True,2025-06-10
u_0069,c_006,False,2025-04-12
u_0069,c_003,False,2025-11-02
u_0069,c_009,True,2025-11-14
u_0071,c_006,True,2025-08-15
u_0071,c_014,True,2025-07-05
u_0072,c_012,True,2025-09-15
u_0073,c_005,True,2025-05-20
u_0073,c_004,False,2026-02-20
u_0073,c_012,True,2025-08-30
u_0075,c_008,False,2025-06-02
u_0076,c_002,False,2026-01-03
u_0077,c_015,False,2025-06-30
u_0077,c_009,False,2025-04-02
u_0077,c_013,True,2026-01-01
u_0077,c_002,True,2025-12-07
u_0079,c_013,True,2026-01-25
u_0080,c_006,True,2025-09-20
u_0080,c_014,True,2026-03-31
u_0080,c_010,False,2026-03-05
u_0080,c_001,True,2025-11-06
u_0081,c_011,True,2026-04-12
u_0081,c_009,False,2025-06-25
u_0081,c_013,True,2026-03-23
u_0081,c_006,True,2026-03-28
u_0081,c_014,True,2025-06-07
u_0081,c_015,True,2025-06-26
u_0084,c_013,False,2025-06-19
u_0084,c_010,True,2025-07-01
u_0084,c_007,True,2025-04-03
u_0084,c_003,True,2025-12-28
u_0085,c_013,True,2026-01-06
u_0085,c_005,True,2025-07-04
u_0085,c_008,False,2026-04-23
u_0086,c_014,True,2025-08-02
u_0086,c_003,True,2025-05-13
u_0087,c_013,False,2026-03-24
u_0087,c_001,False,2025-10-29
u_0088,c_003,True,2025-08-11
u_0088,c_007,True,2025-04-25
u_0088,c_014,False,2025-09-30
u_0089,c_008,True,2026-02-24
u_0089,c_014,True,2025-04-08
u_0090,c_001,True,2026-01-18
u_0090,c_012,True,2025-08-02
u_0091,c_003,True,2025-08-29
u_0091,c_015,True,2025-05-16
u_0092,c_012,True,2025-11-21
u_0092,c_001,True,2026-03-02
u_0092,c_007,True,2025-09-10
u_0092,c_014,True,2025-08-20
u_0092,c_009,True,2025-05-25
u_0093,c_007,True,2025-07-19
u_0093,c_014,False,2025-12-24
u_0093,c_003,False,2025-09-27
u_0093,c_015,True,2025-04-06
u_0094,c_003,True,2025-05-15
u_0094,c_004,True,2025-11-02
u_0094,c_005,False,2025-06-13
u_0095,c_013,True,2025-05-27
u_0097,c_004,True,2025-08-18
u_0097,c_012,True,2025-05-28
u_0097,c_002,False,2025-07-08
u_0097,c_007,True,2025-06-29
u_0098,c_006,True,2026-03-19
u_0098,c_008,True,2025-08-05
u_0098,c_007,False,2025-08-26
u_0098,c_001,True,2026-02-12
u_0099,c_008,True,2025-12-16
u_0099,c_006,False,2025-11-10
u_0099,c_014,True,2025-05-13
u_0100,c_012,True,2025-08-23
u_0100,c_003,False,2025-07-20
u_0100,c_001,True,2025-09-03
u_0101,c_003,True,2025-11-04
u_0101,c_004,True,2025-07-08
u_0101,c_005,False,2025-10-15
u_0102,c_013,False,2025-10-05
u_0102,c_001,False,2025-07-23
u_0102,c_003,True,2026-04-23
u_0102,c_006,True,2025-10-30
u_0102,c_005,False,2026-01-14
u_0103,c_004,True,2026-02-27
u_0103,c_009,True,2025-03-31
u_0103,c_007,False,2025-09-19
u_0103,c_012,True,2025-12-11
u_0103,c_005,True,2026-02-13
u_0104,c_002,True,2025-09-10
u_0104,c_007,False,2026-02-01
u_0104,c_012,True,2025-04-15
u_0104,c_005,False,2025-07-20
u_0105,c_007,True,2025-09-02
u_0106,c_004,True,2025-08-18
u_0106,c_008,True,2025-11-19
u_0106,c_009,True,2025-10-18
u_0106,c_013,False,2025-10-08
u_0107,c_005,False,2025-10-14
u_0107,c_007,True,2025-10-22
u_0107,c_008,False,2025-05-03
u_0107,c_003,True,2026-03-02
u_0108,c_014,False,2026-04-16
u_0109,c_008,False,2025-06-23
u_0109,c_015,False,2025-05-25
u_0110,c_012,False,2025-10-13
u_0110,c_008,True,2025-08-25
u_0110,c_011,True,2025-10-02
u_0111,c_015,True,2026-03-26
u_0111,c_001,True,2025-11-12
u_0112,c_004,True,2026-02-23
u_0112,c_015,True,2026-03-05
u_0112,c_001,True,2025-04-10
u_0112,c_007,True,2025-11-26
u_0113,c_003,False,2025-07-01
u_0114,c_011,True,2025-05-10
u_0115,c_009,False,2025-11-05
u_0115,c_011,True,2025-07-19
u_0116,c_007,True,2026-01-17
u_0116,c_008,True,2025-07-12
u_0117,c_010,False,2026-04-21
u_0117,c_014,True,2025-10-20
u_0118,c_014,True,2026-01-16
u_0118,c_011,True,2025-06-09
u_0118,c_015,True,2026-03-20
u_0119,c_014,False,2025-11-01
u_0120,c_011,False,2025-11-11
u_0121,c_003,True,2026-04-24
u_0121,c_014,True,2026-01-19
u_0121,c_001,False,2025-04-06
u_0121,c_002,True,2025-07-06
u_0122,c_002,False,2025-12-29
u_0122,c_011,True,2025-12-06
u_0123,c_006,True,2025-11-19
u_0123,c_013,False,2025-04-02
u_0123,c_004,False,2025-11-01
u_0123,c_014,True,2026-02-05
u_0123,c_008,True,2025-06-25
u_0124,c_004,False,2025-12-29
u_0124,c_012,False,2026-03-05
u_0124,c_014,True,2025-05-13
u_0125,c_011,False,2026-03-19
u_0125,c_015,True,2025-05-26
u_0126,c_007,True,2025-04-12
u_0127,c_006,False,2025-11-09
u_0127,c_014,True,2025-03-31
u_0128,c_003,False,2025-08-02
u_0128,c_005,True,2026-03-22
u_0128,c_004,True,2026-03-20
u_0128,c_009,False,2026-04-13
u_0128,c_012,True,2025-11-23
u_0128,c_014,False,2025-12-30
u_0129,c_014,False,2025-05-27
u_0129,c_001,True,2026-02-23
u_0129,c_007,False,2026-01-20
u_0129,c_011,True,2025-05-21
u_0129,c_013,True,2026-02-26
u_0129,c_005,True,2026-01-21
u_0129,c_004,False,2026-03-01
u_0130,c_004,True,2025-11-28
u_0130,c_008,True,2026-01-30
u_0130,c_013,True,2025-10-27
u_0130,c_001,False,2025-08-29
u_0132,c_015,True,2025-11-17
u_0133,c_003,True,2026-02-26
u_0133,c_010,True,2025-08-30
u_0133,c_007,False,2025-09-13
u_0133,c_009,True,2026-03-03
u_0134,c_009,False,2025-08-18
u_0134,c_011,True,2025-05-07
u_0134,c_010,True,2025-12-31
u_0134,c_006,True,2025-11-01
u_0134,c_013,False,2026-03-15
u_0134,c_003,True,2026-04-02
u_0134,c_008,False,2025-10-13
u_0135,c_007,True,2026-01-09
u_0135,c_003,True,2025-12-26
u_0136,c_002,True,2025-04-28
u_0137,c_011,True,2026-01-28
u_0137,c_005,True,2026-02-15
u_0137,c_014,False,2025-07-02
u_0137,c_013,False,2025-08-06
u_0137,c_004,True,2025-12-22
u_0138,c_003,True,2026-03-03
u_0138,c_001,False,2025-06-11
u_0138,c_012,True,2025-06-21
u_0138,c_013,False,2025-10-07
u_0139,c_010,True,2025-10-02
u_0139,c_002,True,2025-04-03
u_0139,c_003,True,2026-01-06
u_0139,c_004,True,2026-01-15
u_0140,c_010,True,2026-02-25
u_0141,c_004,True,2025-09-08
u_0142,c_006,True,2025-08-07
u_0142,c_004,False,2026-04-19
u_0142,c_012,True,2026-03-23
u_0143,c_011,False,2025-08-16
u_0143,c_001,False,2026-01-03
u_0143,c_004,True,2025-05-29
u_0143,c_007,True,2026-04-01
u_0144,c_009,True,2025-06-15
u_0144,c_006,True,2025-06-03
u_0144,c_005,True,2025-11-04
u_0144,c_012,True,2025-10-11
u_0144,c_007,True,2025-11-22
u_0145,c_002,True,2026-01-21
u_0145,c_003,True,2026-01-14
u_0146,c_001,True,2026-02-02
u_0146,c_005,False,2025-10-14
u_0147,c_010,True,2025-10-12
u_0147,c_003,True,2025-10-19
u_0148,c_007,False,2026-01-31
u_0148,c_003,False,2025-06-17
u_0148,c_004,False,2026-04-11
u_0148,c_006,False,2026-04-09
u_0148,c_015,False,2025-08-03
u_0148,c_010,True,2025-09-10
u_0149,c_009,True,2026-02-05
u_0149,c_008,True,2025-10-06
u_0149,c_012,True,2025-04-05
u_0149,c_014,True,2025-05-31
u_0151,c_002,False,2025-12-25
u_0151,c_006,False,2025-07-05
u_0151,c_004,False,2025-05-12
u_0152,c_001,True,2025-08-25
u_0152,c_015,True,2025-04-24
u_0153,c_014,True,2026-04-13
u_0153,c_010,False,2026-03-03
u_0153,c_012,True,2025-04-16
u_0153,c_013,True,2026-04-08
u_0153,c_002,False,2025-05-05
u_0156,c_010,True,2026-02-22
u_0156,c_015,True,2026-03-08
u_0156,c_009,True,2025-08-29
u_0158,c_003,True,2025-09-18
u_0159,c_007,True,2026-02-04
u_0160,c_007,False,2025-04-16
u_0160,c_003,False,2025-10-05
u_0160,c_010,True,2025-12-28
u_0162,c_015,False,2025-10-25
u_0162,c_001,True,2025-05-20
u_0162,c_008,False,2025-11-05
u_0163,c_013,False,2026-04-09
u_0163,c_015,False,2025-08-25
u_0165,c_003,True,2025-05-06
u_0165,c_006,False,2025-07-07
u_0166,c_001,True,2026-02-21
u_0166,c_015,True,2025-05-06
u_0166,c_008,True,2025-09-25
u_0166,c_013,True,2025-07-23
u_0166,c_012,True,2025-05-13
u_0167,c_012,False,2026-04-15
u_0167,c_006,False,2026-01-29
u_0168,c_009,True,2025-07-15
u_0168,c_008,True,2025-04-19
u_0169,c_014,True,2025-08-23
u_0169,c_005,False,2026-02-04
u_0169,c_015,True,2025-08-15
u_0170,c_012,True,2025-09-07
u_0170,c_009,True,2025-04-01
u_0170,c_007,False,2025-11-25
u_0170,c_003,True,2025-09-10
u_0172,c_012,True,2025-12-30
u_0172,c_004,False,2025-09-23
u_0172,c_011,True,2025-08-14
u_0173,c_001,True,2025-12-15
u_0173,c_010,True,2025-09-22
u_0173,c_002,True,2026-01-02
u_0173,c_009,False,2025-05-09
u_0174,c_005,True,2026-03-07
u_0174,c_015,True,2025-08-04
u_0174,c_012,False,2026-03-06
u_0174,c_010,True,2025-10-19
u_0175,c_001,True,2025-04-05
u_0175,c_005,False,2025-09-05
u_0175,c_015,True,2025-09-05
u_0175,c_010,True,2025-12-31
u_0176,c_015,False,2026-01-03
u_0177,c_001,True,2026-01-25
u_0177,c_011,True,2025-10-17
u_0178,c_006,False,2025-10-20
u_0178,c_014,False,2025-08-19
u_0178,c_009,False,2026-03-20
u_0179,c_009,True,2025-10-16
u_0179,c_001,True,2025-06-18
u_0180,c_005,True,2026-04-03
u_0180,c_012,True,2025-09-21
u_0180,c_007,False,2025-10-29
u_0180,c_014,True,2025-07-10
u_0180,c_010,True,2025-07-05
u_0180,c_004,False,2025-11-24
u_0181,c_015,True,2026-04-24
u_0181,c_009,True,2025-12-04
u_0182,c_003,False,2026-04-04
u_0182,c_001,False,2026-02-15
u_0182,c_011,True,2025-07-21
u_0182,c_012,True,2025-05-16
u_0182,c_002,True,2026-03-13
u_0182,c_010,True,2025-10-15
u_0182,c_013,True,2025-05-20
u_0183,c_009,True,2025-10-20
u_0183,c_006,True,2025-07-03
u_0183,c_015,False,2025-05-30
u_0183,c_001,True,2026-01-28
u_0183,c_014,False,2025-10-22
u_0184,c_011,True,2025-09-06
u_0184,c_003,True,2026-01-31
u_0184,c_014,True,2026-03-12
u_0185,c_006,True,2026-04-05
u_0185,c_012,False,2025-04-28
u_0185,c_005,False,2026-03-12
u_0185,c_013,False,2025-06-08
u_0186,c_013,True,2025-10-15
u_0186,c_002,False,2025-05-06
u_0187,c_005,True,2025-06-30
u_0187,c_007,True,2025-09-13
u_0187,c_013,False,2026-04-22
u_0187,c_008,False,2025-10-08
u_0187,c_014,True,2025-10-02
u_0187,c_011,True,2025-04-05
u_0187,c_003,True,2026-04-17
u_0188,c_001,True,2025-10-07
u_0189,c_015,True,2025-12-19
u_0190,c_007,True,2025-07-30
u_0190,c_004,True,2025-04-03
u_0190,c_001,True,2025-04-21
u_0190,c_015,True,2026-04-08
u_0191,c_014,True,2025-04-04
u_0191,c_001,True,2026-01-24
u_0191,c_010,True,2026-01-27
u_0191,c_009,True,2025-06-22
u_0191,c_013,True,2026-04-13
u_0193,c_006,True,2026-03-17
u_0195,c_010,True,2025-04-20
u_0195,c_011,True,2026-02-12
u_0195,c_003,False,2025-12-28
u_0196,c_006,True,2025-08-28
u_0197,c_011,True,2025-09-09
u_0197,c_010,True,2026-04-16
u_0197,c_003,False,2026-02-02
u_0198,c_009,True,2026-02-15
u_0198,c_002,False,2025-05-30
u_0198,c_014,False,2026-01-04
u_0198,c_015,False,2025-10-15
u_0199,c_005,True,2025-10-23
u_0199,c_014,True,2025-06-23
u_0199,c_015,False,2026-03-16
u_0199,c_006,True,2025-06-14
u_0200,c_001,True,2025-10-25
u_0200,c_006,True,2025-10-31
u_0200,c_012,True,2025-09-04
u_0200,c_007,False,2025-11-01
u_0200,c_013,True,2025-11-14
u_0200,c_015,True,2025-08-28
