perf_id,project_id,user_id,commitment,teamwork,quality,recorded_at
perf_p_00001,p_00001,u_0001,73,79,70,2025-11-19
perf_p_00002,p_00002,u_0001,73,74,81,2025-08-20
perf_p_00003,p_00003,u_0001,78,78,68,2026-03-19
perf_p_00004,p_00004,u_0001,77,74,93,2025-03-22
perf_p_00005,p_00005,u_0001,73,56,61,2024-10-14
perf_p_00007,p_00007,u_0003,72,74,63,2026-01-19
perf_p_00008,p_00008,u_0003,70,78,69,2025-07-24
perf_p_00009,p_00009,u_0003,81,70,64,2025-03-29
perf_p_00010,p_00010,u_0003,81,66,77,2025-09-10
perf_p_00011,p_00011,u_0003,87,67,77,2026-02-08
perf_p_00012,p_00012,u_0003,77,84,79,2025-02-11
perf_p_00015,p_00015,u_0005,100,84,55,2024-10-19
perf_p_00016,p_00016,u_0005,86,80,85,2025-12-29
perf_p_00017,p_00017,u_0005,96,88,87,2025-04-19
perf_p_00018,p_00018,u_0005,81,87,62,2025-02-22
perf_p_00019,p_00019,u_0005,95,81,95,2026-02-28
perf_p_00020,p_00020,u_0005,83,90,74,2025-01-23
perf_p_00021,p_00021,u_0005,78,90,86,2025-10-12
perf_p_00023,p_00023,u_0006,63,72,100,2024-11-26
perf_p_00024,p_00024,u_0006,84,66,72,2024-09-26
perf_p_00025,p_00025,u_0007,71,82,85,2026-03-25
perf_p_00026,p_00026,u_0007,84,56,78,2025-12-20
perf_p_00027,p_00027,u_0007,64,60,92,2025-02-23
perf_p_00028,p_00028,u_0007,83,75,64,2025-12-26
perf_p_00029,p_00029,u_0008,93,87,98,2025-05-31
perf_p_00030,p_00030,u_0008,90,77,100,2026-04-16
perf_p_00031,p_00031,u_0008,79,78,85,2025-07-01
perf_p_00032,p_00032,u_0008,73,99,90,2025-09-21
perf_p_00033,p_00033,u_0008,87,74,83,2025-07-29
perf_p_00034,p_00034,u_0008,79,98,75,2024-10-24
perf_p_00035,p_00035,u_0009,57,45,41,2025-05-19
perf_p_00036,p_00036,u_0009,54,43,56,2025-09-30
perf_p_00037,p_00037,u_0009,61,61,63,2024-11-24
perf_p_00038,p_00038,u_0010,87,100,73,2026-01-03
perf_p_00039,p_00039,u_0010,75,68,58,2025-12-31
perf_p_00041,p_00041,u_0010,88,85,100,2025-10-22
perf_p_00042,p_00042,u_0010,99,82,71,2025-08-13
perf_p_00043,p_00043,u_0010,92,85,72,2026-01-11
perf_p_00044,p_00044,u_0010,79,90,87,2026-03-23
perf_p_00045,p_00045,u_0010,90,91,72,2024-10-13
perf_p_00046,p_00046,u_0011,65,87,65,2024-11-13
perf_p_00047,p_00047,u_0011,80,66,54,2024-11-05
perf_p_00048,p_00048,u_0011,76,70,69,2025-11-18
perf_p_00049,p_00049,u_0012,82,96,82,2025-10-30
perf_p_00050,p_00050,u_0012,85,99,90,2025-12-17
perf_p_00052,p_00052,u_0012,92,73,74,2024-11-05
perf_p_00053,p_00053,u_0012,77,100,93,2025-08-27
perf_p_00054,p_00054,u_0013,98,86,94,2026-01-17
perf_p_00055,p_00055,u_0013,100,72,87,2025-02-22
perf_p_00056,p_00056,u_0013,100,85,98,2024-09-21
perf_p_00057,p_00057,u_0013,83,68,75,2025-04-02
perf_p_00058,p_00058,u_0013,100,94,77,2025-08-01
perf_p_00059,p_00059,u_0013,84,100,87,2025-02-09
perf_p_00060,p_00060,u_0014,49,56,57,2025-06-07
perf_p_00061,p_00061,u_0015,57,69,66,2025-12-16
perf_p_00062,p_00062,u_0015,90,63,55,2026-04-26
perf_p_00063,p_00063,u_0015,61,75,71,2025-03-22
perf_p_00064,p_00064,u_0015,60,76,72,2025-09-02
perf_p_00065,p_00065,u_0016,80,71,74,2026-04-24
perf_p_00066,p_00066,u_0016,81,67,60,2025-07-22
perf_p_00067,p_00067,u_0016,78,49,66,2026-02-04
perf_p_00068,p_00068,u_0017,65,61,57,2026-03-20
perf_p_00069,p_00069,u_0017,76,45,81,2025-08-20
perf_p_00070,p_00070,u_0017,76,74,60,2025-02-24
perf_p_00071,p_00071,u_0017,74,60,63,2025-12-02
perf_p_00074,p_00074,u_0018,61,58,91,2024-12-21
perf_p_00075,p_00075,u_0018,63,88,66,2024-12-26
perf_p_00076,p_00076,u_0018,73,70,72,2026-03-22
perf_p_00077,p_00077,u_0018,70,78,74,2024-10-14
perf_p_00078,p_00078,u_0019,62,53,71,2026-03-29
perf_p_00079,p_00079,u_0019,88,65,72,2026-01-04
perf_p_00080,p_00080,u_0019,80,67,70,2025-10-21
perf_p_00081,p_00081,u_0020,47,65,53,2025-04-28
perf_p_00082,p_00082,u_0021,50,55,47,2025-11-09
perf_p_00083,p_00083,u_0021,50,55,52,2025-11-09
perf_p_00084,p_00084,u_0022,86,82,84,2026-02-24
perf_p_00085,p_00085,u_0022,65,87,64,2025-08-20
perf_p_00086,p_00086,u_0022,90,93,65,2025-10-16
perf_p_00087,p_00087,u_0022,89,87,95,2024-11-02
perf_p_00090,p_00090,u_0023,76,57,78,2025-03-07
perf_p_00092,p_00092,u_0023,82,62,73,2025-02-20
perf_p_00094,p_00094,u_0024,79,83,83,2026-04-24
perf_p_00095,p_00095,u_0024,72,86,56,2025-06-04
perf_p_00096,p_00096,u_0024,87,76,76,2024-10-07
perf_p_00097,p_00097,u_0024,87,68,85,2025-02-14
perf_p_00098,p_00098,u_0024,99,84,83,2025-10-07
perf_p_00100,p_00100,u_0024,82,98,82,2025-12-19
perf_p_00101,p_00101,u_0024,72,69,85,2025-04-26
perf_p_00102,p_00102,u_0025,85,66,81,2025-05-20
perf_p_00103,p_00103,u_0025,69,52,60,2024-11-02
perf_p_00104,p_00104,u_0025,77,66,94,2024-10-04
perf_p_00105,p_00105,u_0025,63,59,77,2025-01-14
perf_p_00106,p_00106,u_0025,78,76,73,2025-03-14
perf_p_00108,p_00108,u_0026,81,76,52,2025-10-16
perf_p_00109,p_00109,u_0026,86,84,79,2025-11-08
perf_p_00110,p_00110,u_0026,94,81,83,2025-09-30
perf_p_00111,p_00111,u_0026,79,80,56,2025-12-16
perf_p_00113,p_00113,u_0026,74,64,74,2026-04-14
perf_p_00114,p_00114,u_0027,72,56,49,2025-01-09
perf_p_00115,p_00115,u_0027,100,65,50,2026-03-24
perf_p_00117,p_00117,u_0028,59,68,53,2025-05-29
perf_p_00119,p_00119,u_0028,63,53,55,2026-02-17
perf_p_00120,p_00120,u_0029,90,88,76,2025-09-19
perf_p_00121,p_00121,u_0029,95,92,81,2025-01-18
perf_p_00122,p_00122,u_0029,96,86,98,2024-12-14
perf_p_00124,p_00124,u_0029,82,98,79,2026-01-31
perf_p_00125,p_00125,u_0029,100,65,96,2025-03-27
perf_p_00126,p_00126,u_0030,71,76,77,2025-10-18
perf_p_00127,p_00127,u_0030,58,84,79,2025-07-27
perf_p_00129,p_00129,u_0030,75,75,64,2025-12-11
perf_p_00131,p_00131,u_0030,61,55,76,2025-08-03
perf_p_00132,p_00132,u_0031,48,46,38,2025-09-28
perf_p_00133,p_00133,u_0032,77,84,53,2025-12-15
perf_p_00134,p_00134,u_0032,73,72,51,2025-07-08
perf_p_00135,p_00135,u_0032,71,53,52,2026-03-08
perf_p_00136,p_00136,u_0032,70,71,71,2025-03-20
perf_p_00138,p_00138,u_0033,91,79,82,2025-09-26
perf_p_00139,p_00139,u_0033,71,94,86,2024-09-22
perf_p_00140,p_00140,u_0033,90,80,70,2026-04-15
perf_p_00141,p_00141,u_0033,90,61,68,2025-04-16
perf_p_00142,p_00142,u_0033,80,77,78,2025-06-22
perf_p_00143,p_00143,u_0033,78,58,85,2026-04-21
perf_p_00144,p_00144,u_0034,70,90,71,2025-11-30
perf_p_00145,p_00145,u_0034,80,89,86,2026-02-03
perf_p_00146,p_00146,u_0034,100,89,81,2025-01-11
perf_p_00147,p_00147,u_0034,88,86,73,2026-04-24
perf_p_00148,p_00148,u_0034,92,83,79,2026-04-23
perf_p_00149,p_00149,u_0035,100,86,80,2025-10-28
perf_p_00150,p_00150,u_0035,100,100,88,2026-03-05
perf_p_00151,p_00151,u_0035,100,91,89,2025-11-10
perf_p_00152,p_00152,u_0035,91,86,75,2025-08-31
perf_p_00154,p_00154,u_0035,79,95,78,2025-10-18
perf_p_00155,p_00155,u_0036,84,61,99,2026-01-29
perf_p_00156,p_00156,u_0036,87,48,75,2024-12-25
perf_p_00157,p_00157,u_0036,78,73,67,2024-09-21
perf_p_00158,p_00158,u_0036,92,94,79,2025-04-30
perf_p_00159,p_00159,u_0036,59,73,73,2025-09-23
perf_p_00160,p_00160,u_0036,77,58,85,2024-11-03
perf_p_00161,p_00161,u_0037,90,86,100,2025-01-02
perf_p_00162,p_00162,u_0037,98,90,83,2025-10-04
perf_p_00163,p_00163,u_0037,100,87,92,2025-01-30
perf_p_00164,p_00164,u_0037,85,85,82,2025-11-08
perf_p_00166,p_00166,u_0037,95,78,71,2026-02-27
perf_p_00167,p_00167,u_0038,59,67,49,2025-08-06
perf_p_00168,p_00168,u_0038,48,71,53,2024-12-14
perf_p_00169,p_00169,u_0038,71,78,80,2025-05-17
perf_p_00171,p_00171,u_0039,90,73,62,2025-04-09
perf_p_00172,p_00172,u_0039,82,78,70,2025-04-20
perf_p_00173,p_00173,u_0039,84,72,81,2026-01-23
perf_p_00174,p_00174,u_0039,89,86,66,2025-07-28
perf_p_00175,p_00175,u_0039,77,82,68,2025-12-19
perf_p_00176,p_00176,u_0039,73,65,83,2025-09-18
perf_p_00177,p_00177,u_0039,87,73,87,2026-02-18
perf_p_00178,p_00178,u_0039,86,91,90,2025-07-22
perf_p_00179,p_00179,u_0040,62,68,48,2024-12-24
perf_p_00180,p_00180,u_0041,84,86,66,2025-12-26
perf_p_00181,p_00181,u_0041,64,70,69,2026-03-08
perf_p_00182,p_00182,u_0041,64,72,71,2025-11-26
perf_p_00183,p_00183,u_0041,70,72,78,2025-11-26
perf_p_00184,p_00184,u_0041,68,69,66,2025-10-07
perf_p_00185,p_00185,u_0042,62,54,40,2025-07-09
perf_p_00186,p_00186,u_0043,74,75,64,2026-02-24
perf_p_00187,p_00187,u_0043,85,56,74,2025-05-23
perf_p_00188,p_00188,u_0043,78,68,70,2025-06-10
perf_p_00189,p_00189,u_0044,72,70,81,2025-06-20
perf_p_00190,p_00190,u_0044,74,83,64,2024-12-23
perf_p_00191,p_00191,u_0044,62,73,88,2025-06-12
perf_p_00192,p_00192,u_0044,65,70,71,2025-07-02
perf_p_00194,p_00194,u_0045,71,55,47,2026-02-08
perf_p_00196,p_00196,u_0045,69,48,51,2025-05-13
perf_p_00197,p_00197,u_0046,38,63,68,2025-02-28
perf_p_00198,p_00198,u_0047,80,89,68,2026-01-09
perf_p_00199,p_00199,u_0047,73,68,68,2025-06-08
perf_p_00200,p_00200,u_0047,76,65,67,2025-09-06
perf_p_00201,p_00201,u_0048,70,82,63,2026-01-24
perf_p_00202,p_00202,u_0048,79,61,69,2025-07-05
perf_p_00203,p_00203,u_0048,72,76,54,2025-03-01
perf_p_00204,p_00204,u_0048,72,52,84,2025-08-20
perf_p_00207,p_00207,u_0049,68,40,58,2026-03-23
perf_p_00208,p_00208,u_0049,57,67,51,2025-09-07
perf_p_00209,p_00209,u_0050,59,53,63,2026-02-23
perf_p_00210,p_00210,u_0050,61,36,66,2025-01-04
perf_p_00211,p_00211,u_0050,50,54,67,2024-10-02
perf_p_00212,p_00212,u_0051,90,90,86,2025-09-11
perf_p_00213,p_00213,u_0051,100,74,79,2025-11-26
perf_p_00214,p_00214,u_0051,73,94,89,2024-12-30
perf_p_00215,p_00215,u_0051,100,100,73,2026-03-22
perf_p_00216,p_00216,u_0051,92,75,93,2025-06-09
perf_p_00217,p_00217,u_0051,80,89,73,2025-08-16
perf_p_00219,p_00219,u_0052,81,94,95,2024-10-23
perf_p_00220,p_00220,u_0052,89,74,76,2025-01-14
perf_p_00221,p_00221,u_0052,79,92,100,2025-07-03
perf_p_00222,p_00222,u_0052,86,88,85,2025-02-08
perf_p_00223,p_00223,u_0052,84,89,100,2025-02-24
perf_p_00224,p_00224,u_0052,87,85,94,2025-07-09
perf_p_00226,p_00226,u_0053,74,70,63,2024-11-04
perf_p_00227,p_00227,u_0053,85,68,67,2025-09-06
perf_p_00228,p_00228,u_0053,71,69,66,2025-06-28
perf_p_00229,p_00229,u_0054,81,72,53,2026-04-08
perf_p_00231,p_00231,u_0054,74,73,61,2025-03-31
perf_p_00232,p_00232,u_0055,100,49,78,2025-07-05
perf_p_00233,p_00233,u_0055,74,81,53,2025-10-11
perf_p_00234,p_00234,u_0055,86,46,81,2024-12-20
perf_p_00235,p_00235,u_0055,89,55,60,2025-12-01
perf_p_00236,p_00236,u_0055,68,66,57,2026-04-26
perf_p_00237,p_00237,u_0055,82,83,66,2025-04-03
perf_p_00238,p_00238,u_0056,68,54,57,2026-04-14
perf_p_00239,p_00239,u_0056,67,51,61,2025-12-02
perf_p_00240,p_00240,u_0057,99,92,87,2025-07-28
perf_p_00241,p_00241,u_0057,68,81,71,2026-01-01
perf_p_00242,p_00242,u_0057,91,72,84,2024-10-09
perf_p_00243,p_00243,u_0057,85,80,79,2025-02-01
perf_p_00244,p_00244,u_0057,79,75,72,2025-05-17
perf_p_00245,p_00245,u_0057,75,77,60,2025-07-08
perf_p_00246,p_00246,u_0057,69,100,86,2025-01-17
perf_p_00247,p_00247,u_0057,83,82,87,2025-12-26
perf_p_00249,p_00249,u_0058,52,72,62,2025-06-14
perf_p_00250,p_00250,u_0058,78,57,64,2025-07-05
perf_p_00251,p_00251,u_0058,75,55,59,2024-11-12
perf_p_00252,p_00252,u_0059,93,91,59,2025-04-08
perf_p_00253,p_00253,u_0059,82,69,77,2026-01-31
perf_p_00254,p_00254,u_0059,97,98,74,2025-07-26
perf_p_00255,p_00255,u_0059,79,77,51,2026-01-20
perf_p_00257,p_00257,u_0059,79,77,85,2025-01-12
perf_p_00258,p_00258,u_0059,86,74,77,2024-12-26
perf_p_00259,p_00259,u_0060,53,73,63,2025-01-13
perf_p_00260,p_00260,u_0060,73,66,80,2025-03-18
perf_p_00261,p_00261,u_0060,80,52,45,2025-12-04
perf_p_00262,p_00262,u_0061,66,78,54,2025-11-27
perf_p_00263,p_00263,u_0061,73,71,79,2025-05-15
perf_p_00265,p_00265,u_0061,84,77,84,2026-03-24
perf_p_00266,p_00266,u_0061,75,80,65,2026-01-28
perf_p_00267,p_00267,u_0062,94,82,92,2025-10-11
perf_p_00269,p_00269,u_0062,88,83,74,2024-10-09
perf_p_00270,p_00270,u_0062,95,86,90,2025-10-14
perf_p_00271,p_00271,u_0062,98,88,69,2025-12-10
perf_p_00272,p_00272,u_0062,73,100,91,2025-01-31
perf_p_00273,p_00273,u_0062,74,91,79,2025-09-12
perf_p_00274,p_00274,u_0062,100,68,84,2025-04-14
perf_p_00277,p_00277,u_0064,62,82,63,2025-02-13
perf_p_00278,p_00278,u_0064,74,60,82,2025-08-24
perf_p_00279,p_00279,u_0064,52,74,80,2025-07-18
perf_p_00280,p_00280,u_0064,85,73,64,2026-01-19
perf_p_00281,p_00281,u_0064,63,77,58,2026-02-12
perf_p_00282,p_00282,u_0065,46,57,38,2025-01-21
perf_p_00283,p_00283,u_0066,85,75,71,2025-10-29
perf_p_00284,p_00284,u_0066,83,90,86,2025-02-20
perf_p_00285,p_00285,u_0066,91,100,66,2025-08-08
perf_p_00286,p_00286,u_0066,90,89,51,2025-05-11
perf_p_00287,p_00287,u_0066,100,100,83,2025-11-15
perf_p_00288,p_00288,u_0066,80,91,82,2025-05-25
perf_p_00289,p_00289,u_0066,100,100,100,2024-10-11
perf_p_00290,p_00290,u_0066,97,95,80,2025-12-15
perf_p_00291,p_00291,u_0066,68,100,77,2025-05-27
perf_p_00292,p_00292,u_0066,87,72,86,2025-04-29
perf_p_00294,p_00294,u_0068,73,75,75,2025-03-26
perf_p_00295,p_00295,u_0068,55,71,68,2024-12-18
perf_p_00296,p_00296,u_0068,77,87,75,2025-11-02
perf_p_00298,p_00298,u_0068,66,51,57,2025-08-25
perf_p_00299,p_00299,u_0068,78,84,81,2026-02-01
perf_p_00300,p_00300,u_0069,82,90,92,2026-01-09
perf_p_00301,p_00301,u_0069,80,87,100,2024-11-18
perf_p_00302,p_00302,u_0069,78,75,91,2024-11-22
perf_p_00303,p_00303,u_0069,85,85,79,2026-02-03
perf_p_00304,p_00304,u_0069,89,89,100,2025-08-15
perf_p_00306,p_00306,u_0069,100,90,79,2025-10-15
perf_p_00307,p_00307,u_0069,100,86,80,2025-02-19
perf_p_00309,p_00309,u_0069,93,87,64,2026-02-05
perf_p_00310,p_00310,u_0070,49,50,68,2026-03-24
perf_p_00311,p_00311,u_0070,56,51,26,2025-06-07
perf_p_00312,p_00312,u_0071,62,54,50,2025-11-16
perf_p_00313,p_00313,u_0071,57,65,53,2026-03-25
perf_p_00315,p_00315,u_0072,66,73,57,2024-11-13
perf_p_00316,p_00316,u_0072,72,73,91,2024-10-17
perf_p_00317,p_00317,u_0072,65,67,70,2025-11-11
perf_p_00318,p_00318,u_0072,60,62,80,2025-01-21
perf_p_00319,p_00319,u_0072,78,69,70,2024-10-17
perf_p_00320,p_00320,u_0073,82,88,76,2025-05-02
perf_p_00321,p_00321,u_0073,99,91,85,2025-03-30
perf_p_00322,p_00322,u_0073,70,83,76,2026-03-30
perf_p_00323,p_00323,u_0073,75,78,86,2025-10-02
perf_p_00324,p_00324,u_0073,86,78,79,2025-12-03
perf_p_00325,p_00325,u_0073,92,98,96,2025-09-22
perf_p_00326,p_00326,u_0073,84,95,92,2024-12-14
perf_p_00327,p_00327,u_0073,86,81,80,2026-03-14
perf_p_00328,p_00328,u_0074,30,43,72,2024-11-08
perf_p_00329,p_00329,u_0074,59,60,55,2025-03-14
perf_p_00330,p_00330,u_0074,56,64,32,2025-07-07
perf_p_00331,p_00331,u_0075,45,62,61,2025-01-14
perf_p_00333,p_00333,u_0077,81,78,86,2025-09-11
perf_p_00334,p_00334,u_0077,81,97,64,2025-12-09
perf_p_00335,p_00335,u_0077,78,58,80,2025-05-19
perf_p_00336,p_00336,u_0077,75,74,77,2026-03-19
perf_p_00337,p_00337,u_0077,80,81,94,2026-01-21
perf_p_00338,p_00338,u_0078,48,54,60,2025-01-29
perf_p_00339,p_00339,u_0079,64,45,47,2025-01-14
perf_p_00340,p_00340,u_0079,69,43,68,2025-02-03
perf_p_00341,p_00341,u_0079,65,57,34,2025-01-05
perf_p_00342,p_00342,u_0080,90,100,82,2025-06-14
perf_p_00343,p_00343,u_0080,82,91,81,2025-06-23
perf_p_00344,p_00344,u_0080,80,88,69,2024-09-30
perf_p_00345,p_00345,u_0080,90,74,86,2025-03-18
perf_p_00346,p_00346,u_0080,85,75,66,2025-07-20
perf_p_00347,p_00347,u_0080,100,85,100,2025-08-21
perf_p_00348,p_00348,u_0080,75,100,66,2025-04-20
perf_p_00349,p_00349,u_0081,84,72,85,2025-11-22
perf_p_00350,p_00350,u_0081,74,86,52,2024-11-08
perf_p_00352,p_00352,u_0081,88,70,100,2025-07-02
perf_p_00353,p_00353,u_0081,77,96,57,2025-12-29
perf_p_00355,p_00355,u_0081,69,89,80,2025-10-06
perf_p_00356,p_00356,u_0081,76,51,86,2025-05-12
perf_p_00357,p_00357,u_0082,59,57,62,2024-12-07
perf_p_00358,p_00358,u_0083,34,73,52,2025-07-10
perf_p_00359,p_00359,u_0084,78,90,70,2025-05-25
perf_p_00361,p_00361,u_0084,77,85,57,2024-09-23
perf_p_00362,p_00362,u_0084,93,91,74,2025-03-13
perf_p_00363,p_00363,u_0084,91,80,79,2024-09-20
perf_p_00365,p_00365,u_0084,58,87,56,2025-04-22
perf_p_00366,p_00366,u_0084,86,70,87,2024-12-01
perf_p_00367,p_00367,u_0085,69,83,65,2025-03-14
perf_p_00368,p_00368,u_0085,75,69,88,2025-06-03
perf_p_00369,p_00369,u_0085,75,66,62,2024-10-31
perf_p_00370,p_00370,u_0085,67,71,84,2025-03-18
perf_p_00371,p_00371,u_0085,64,51,63,2025-05-02
perf_p_00372,p_00372,u_0085,70,84,74,2025-06-03
perf_p_00373,p_00373,u_0086,73,69,80,2026-03-18
perf_p_00374,p_00374,u_0086,55,67,51,2025-09-04
perf_p_00375,p_00375,u_0086,81,77,70,2025-04-07
perf_p_00376,p_00376,u_0086,74,65,77,2025-11-10
perf_p_00377,p_00377,u_0086,81,74,66,2025-09-14
perf_p_00378,p_00378,u_0086,74,64,77,2025-09-29
perf_p_00379,p_00379,u_0087,45,74,61,2024-10-26
perf_p_00380,p_00380,u_0087,67,68,73,2024-10-07
perf_p_00381,p_00381,u_0087,77,74,59,2026-02-13
perf_p_00382,p_00382,u_0087,86,73,48,2025-04-19
perf_p_00383,p_00383,u_0087,62,79,63,2024-11-30
perf_p_00384,p_00384,u_0088,85,100,76,2025-04-28
perf_p_00385,p_00385,u_0088,57,74,71,2026-03-16
perf_p_00386,p_00386,u_0088,78,85,61,2026-03-05
perf_p_00387,p_00387,u_0088,94,74,77,2025-08-01
perf_p_00388,p_00388,u_0088,79,85,100,2025-07-08
perf_p_00389,p_00389,u_0088,97,83,95,2025-05-05
perf_p_00390,p_00390,u_0088,63,72,90,2025-01-07
perf_p_00392,p_00392,u_0088,86,77,96,2024-12-01
perf_p_00393,p_00393,u_0089,69,62,78,2025-09-16
perf_p_00394,p_00394,u_0089,64,58,55,2026-04-17
perf_p_00395,p_00395,u_0089,75,83,35,2026-03-15
perf_p_00396,p_00396,u_0089,72,91,58,2025-06-04
perf_p_00397,p_00397,u_0090,58,72,56,2025-01-09
perf_p_00398,p_00398,u_0090,81,75,82,2025-04-01
perf_p_00399,p_00399,u_0090,70,86,52,2024-09-26
perf_p_00400,p_00400,u_0090,77,79,68,2026-01-05
perf_p_00402,p_00402,u_0091,56,69,60,2024-10-15
perf_p_00403,p_00403,u_0091,73,68,69,2026-02-20
perf_p_00404,p_00404,u_0091,75,85,47,2025-11-17
perf_p_00405,p_00405,u_0091,65,78,49,2025-01-10
perf_p_00409,p_00409,u_0092,78,72,98,2025-08-21
perf_p_00410,p_00410,u_0092,72,74,82,2025-09-09
perf_p_00412,p_00412,u_0092,83,100,70,2025-12-15
perf_p_00414,p_00414,u_0093,71,59,67,2025-03-17
perf_p_00415,p_00415,u_0093,56,67,51,2026-02-14
perf_p_00417,p_00417,u_0093,90,80,57,2025-12-19
perf_p_00418,p_00418,u_0093,66,62,75,2026-02-13
perf_p_00419,p_00419,u_0094,70,62,68,2026-01-29
perf_p_00420,p_00420,u_0094,64,63,79,2026-03-02
perf_p_00421,p_00421,u_0094,55,60,57,2025-08-03
perf_p_00422,p_00422,u_0094,75,71,37,2024-10-23
perf_p_00423,p_00423,u_0095,78,55,75,2026-02-24
perf_p_00424,p_00424,u_0095,71,66,91,2025-07-29
perf_p_00425,p_00425,u_0095,78,74,74,2025-12-04
perf_p_00426,p_00426,u_0095,77,71,74,2025-06-03
perf_p_00427,p_00427,u_0096,74,54,68,2025-02-02
perf_p_00428,p_00428,u_0097,65,80,75,2026-02-13
perf_p_00430,p_00430,u_0097,72,67,91,2026-03-17
perf_p_00431,p_00431,u_0097,57,63,65,2026-01-24
perf_p_00432,p_00432,u_0098,73,68,75,2026-04-18
perf_p_00433,p_00433,u_0098,94,60,72,2025-01-18
perf_p_00435,p_00435,u_0098,76,62,81,2025-01-11
perf_p_00437,p_00437,u_0099,81,60,71,2025-06-07
perf_p_00438,p_00438,u_0099,76,72,63,2025-09-08
perf_p_00439,p_00439,u_0099,86,75,48,2025-04-26
perf_p_00440,p_00440,u_0099,70,61,57,2026-02-18
perf_p_00441,p_00441,u_0099,71,68,62,2025-07-30
perf_p_00442,p_00442,u_0099,74,68,82,2026-02-26
perf_p_00443,p_00443,u_0100,93,74,99,2024-10-17
perf_p_00444,p_00444,u_0100,97,77,79,2025-04-24
perf_p_00445,p_00445,u_0100,97,78,70,2025-02-13
perf_p_00446,p_00446,u_0100,77,82,72,2024-12-10
perf_p_00447,p_00447,u_0100,84,100,71,2025-04-18
perf_p_00448,p_00448,u_0100,87,82,71,2025-03-12
perf_p_00449,p_00449,u_0101,69,84,71,2025-10-05
perf_p_00450,p_00450,u_0101,67,64,58,2025-03-14
perf_p_00452,p_00452,u_0101,82,83,51,2025-07-07
perf_p_00454,p_00454,u_0102,78,71,67,2026-03-21
perf_p_00455,p_00455,u_0102,74,77,79,2025-01-04
perf_p_00456,p_00456,u_0102,100,77,80,2025-12-12
perf_p_00457,p_00457,u_0102,73,75,94,2025-01-07
perf_p_00458,p_00458,u_0103,95,100,73,2025-10-23
perf_p_00459,p_00459,u_0103,76,77,59,2026-01-19
perf_p_00460,p_00460,u_0103,94,65,64,2024-10-10
perf_p_00462,p_00462,u_0103,74,78,92,2025-11-03
perf_p_00463,p_00463,u_0103,99,88,78,2025-10-16
perf_p_00464,p_00464,u_0103,92,85,67,2025-06-04
perf_p_00465,p_00465,u_0103,90,77,77,2024-10-27
perf_p_00467,p_00467,u_0104,80,84,96,2026-04-20
perf_p_00469,p_00469,u_0104,98,79,86,2025-08-14
perf_p_00470,p_00470,u_0104,85,96,95,2024-10-02
perf_p_00472,p_00472,u_0105,73,65,59,2026-03-31
perf_p_00473,p_00473,u_0105,50,72,68,2025-04-14
perf_p_00474,p_00474,u_0105,67,75,75,2025-05-03
perf_p_00475,p_00475,u_0105,82,68,73,2025-09-28
perf_p_00476,p_00476,u_0105,68,76,64,2024-10-17
perf_p_00477,p_00477,u_0105,48,79,50,2026-03-04
perf_p_00478,p_00478,u_0106,80,76,60,2025-07-16
perf_p_00480,p_00480,u_0106,72,83,69,2025-05-22
perf_p_00481,p_00481,u_0106,88,73,71,2025-10-26
perf_p_00482,p_00482,u_0106,63,81,81,2025-06-14
perf_p_00484,p_00484,u_0107,86,78,60,2025-11-10
perf_p_00485,p_00485,u_0107,83,98,81,2026-03-19
perf_p_00486,p_00486,u_0107,79,78,77,2025-03-28
perf_p_00487,p_00487,u_0107,66,91,58,2025-08-08
perf_p_00491,p_00491,u_0110,75,95,80,2024-12-22
perf_p_00492,p_00492,u_0110,100,86,100,2026-01-06
perf_p_00495,p_00495,u_0110,82,95,87,2025-06-23
perf_p_00497,p_00497,u_0110,100,66,87,2026-03-11
perf_p_00498,p_00498,u_0110,80,87,100,2025-09-27
perf_p_00499,p_00499,u_0110,89,89,66,2025-12-18
perf_p_00500,p_00500,u_0110,94,100,78,2025-09-24
perf_p_00501,p_00501,u_0111,88,77,79,2025-07-26
perf_p_00503,p_00503,u_0111,74,97,84,2025-03-03
perf_p_00504,p_00504,u_0111,83,88,100,2025-05-24
perf_p_00505,p_00505,u_0111,92,87,86,2026-04-14
perf_p_00507,p_00507,u_0111,73,82,74,2026-01-29
perf_p_00508,p_00508,u_0111,83,90,75,2025-08-06
perf_p_00509,p_00509,u_0112,76,64,51,2024-09-16
perf_p_00510,p_00510,u_0112,71,76,54,2026-02-04
perf_p_00511,p_00511,u_0112,67,64,83,2025-08-06
perf_p_00512,p_00512,u_0112,60,72,48,2024-12-03
perf_p_00513,p_00513,u_0112,66,79,60,2024-11-29
perf_p_00514,p_00514,u_0112,60,81,77,2025-02-28
perf_p_00515,p_00515,u_0113,86,76,89,2025-01-05
perf_p_00516,p_00516,u_0113,82,72,77,2026-01-22
perf_p_00517,p_00517,u_0113,87,82,85,2025-11-13
perf_p_00518,p_00518,u_0113,65,74,57,2025-06-15
perf_p_00519,p_00519,u_0113,75,56,64,2025-09-26
perf_p_00520,p_00520,u_0113,66,67,62,2025-09-26
perf_p_00521,p_00521,u_0114,72,48,51,2025-12-28
perf_p_00522,p_00522,u_0114,60,64,52,2025-01-27
perf_p_00523,p_00523,u_0114,24,64,69,2026-01-09
perf_p_00525,p_00525,u_0115,68,56,55,2024-09-16
perf_p_00526,p_00526,u_0115,61,53,60,2024-12-16
perf_p_00527,p_00527,u_0116,49,53,65,2025-02-18
perf_p_00528,p_00528,u_0116,62,68,59,2025-04-30
perf_p_00530,p_00530,u_0117,71,71,70,2025-11-21
perf_p_00531,p_00531,u_0117,79,62,61,2025-10-28
perf_p_00532,p_00532,u_0117,83,64,61,2025-02-14
perf_p_00533,p_00533,u_0117,66,75,72,2025-03-12
perf_p_00534,p_00534,u_0117,71,74,71,2025-10-08
perf_p_00535,p_00535,u_0117,59,61,85,2025-06-21
perf_p_00536,p_00536,u_0118,100,84,65,2025-04-13
perf_p_00537,p_00537,u_0118,75,96,100,2025-04-20
perf_p_00538,p_00538,u_0118,100,97,89,2024-09-11
perf_p_00540,p_00540,u_0118,94,78,100,2024-11-03
perf_p_00542,p_00542,u_0119,83,83,54,2025-07-17
perf_p_00543,p_00543,u_0119,77,65,66,2026-04-07
perf_p_00544,p_00544,u_0119,58,80,63,2026-02-27
perf_p_00545,p_00545,u_0119,62,68,71,2025-04-18
perf_p_00547,p_00547,u_0120,95,63,76,2025-12-02
perf_p_00548,p_00548,u_0120,58,59,61,2025-05-25
perf_p_00549,p_00549,u_0121,66,58,56,2024-10-06
perf_p_00550,p_00550,u_0121,75,83,49,2025-08-31
perf_p_00552,p_00552,u_0121,71,63,27,2025-03-25
perf_p_00553,p_00553,u_0122,59,65,72,2024-09-21
perf_p_00554,p_00554,u_0122,75,78,72,2025-08-13
perf_p_00555,p_00555,u_0122,84,77,73,2025-05-28
perf_p_00557,p_00557,u_0122,70,69,64,2026-01-14
perf_p_00558,p_00558,u_0122,86,43,90,2025-05-28
perf_p_00559,p_00559,u_0123,83,85,76,2026-01-06
perf_p_00560,p_00560,u_0123,82,96,78,2026-01-26
perf_p_00561,p_00561,u_0123,91,96,69,2024-12-26
perf_p_00562,p_00562,u_0123,73,84,79,2025-02-14
perf_p_00563,p_00563,u_0123,82,76,81,2025-01-11
perf_p_00564,p_00564,u_0123,80,95,84,2024-11-13
perf_p_00565,p_00565,u_0123,76,100,74,2024-09-28
perf_p_00566,p_00566,u_0124,100,80,100,2025-08-01
perf_p_00567,p_00567,u_0124,94,84,100,2025-09-21
perf_p_00568,p_00568,u_0124,88,64,82,2025-10-28
perf_p_00569,p_00569,u_0124,77,95,92,2026-02-06
perf_p_00570,p_00570,u_0124,92,92,92,2025-03-06
perf_p_00571,p_00571,u_0124,82,90,89,2025-03-07
perf_p_00572,p_00572,u_0124,100,75,67,2024-09-14
perf_p_00573,p_00573,u_0125,67,81,76,2024-12-08
perf_p_00574,p_00574,u_0125,79,59,61,2025-01-08
perf_p_00575,p_00575,u_0125,77,66,75,2024-10-01
perf_p_00576,p_00576,u_0125,76,71,45,2025-04-21
perf_p_00577,p_00577,u_0126,50,47,73,2025-07-23
perf_p_00578,p_00578,u_0127,55,77,52,2025-03-25
perf_p_00579,p_00579,u_0127,71,53,62,2025-07-01
perf_p_00580,p_00580,u_0127,81,72,72,2025-07-31
perf_p_00581,p_00581,u_0128,67,91,77,2025-07-10
perf_p_00583,p_00583,u_0128,90,81,91,2024-12-14
perf_p_00584,p_00584,u_0128,70,82,68,2025-12-15
perf_p_00586,p_00586,u_0128,95,89,62,2025-03-04
perf_p_00587,p_00587,u_0128,100,86,67,2025-04-14
perf_p_00588,p_00588,u_0129,98,98,84,2025-07-03
perf_p_00589,p_00589,u_0129,94,100,62,2025-06-13
perf_p_00590,p_00590,u_0129,89,100,96,2025-06-02
perf_p_00592,p_00592,u_0129,91,95,97,2025-03-20
perf_p_00593,p_00593,u_0129,84,76,87,2025-08-07
perf_p_00594,p_00594,u_0129,83,95,82,2024-12-27
perf_p_00595,p_00595,u_0130,82,68,61,2024-09-19
perf_p_00596,p_00596,u_0130,90,91,65,2025-03-21
perf_p_00597,p_00597,u_0130,100,89,73,2026-01-02
perf_p_00598,p_00598,u_0130,68,77,63,2026-04-23
perf_p_00599,p_00599,u_0130,89,76,60,2026-01-08
perf_p_00600,p_00600,u_0130,87,75,71,2025-10-26
perf_p_00601,p_00601,u_0130,90,73,100,2025-05-08
perf_p_00602,p_00602,u_0130,85,60,66,2025-06-13
perf_p_00603,p_00603,u_0130,83,91,75,2024-10-10
perf_p_00607,p_00607,u_0132,75,75,61,2026-03-01
perf_p_00608,p_00608,u_0132,84,78,97,2025-01-31
perf_p_00609,p_00609,u_0132,78,76,97,2025-07-24
perf_p_00610,p_00610,u_0133,65,71,60,2025-08-31
perf_p_00611,p_00611,u_0133,66,71,73,2025-03-06
perf_p_00612,p_00612,u_0133,72,68,71,2025-05-10
perf_p_00613,p_00613,u_0133,78,61,65,2026-04-02
perf_p_00614,p_00614,u_0133,66,75,57,2026-01-12
perf_p_00615,p_00615,u_0133,74,73,55,2025-04-16
perf_p_00616,p_00616,u_0134,86,100,75,2025-12-29
perf_p_00617,p_00617,u_0134,85,71,90,2025-01-25
perf_p_00619,p_00619,u_0134,92,80,91,2025-06-27
perf_p_00620,p_00620,u_0134,96,73,74,2024-11-23
perf_p_00621,p_00621,u_0134,94,79,99,2024-10-08
perf_p_00623,p_00623,u_0135,74,83,68,2025-08-25
perf_p_00624,p_00624,u_0135,62,69,66,2025-10-23
perf_p_00625,p_00625,u_0136,84,62,72,2025-04-15
perf_p_00626,p_00626,u_0136,76,68,72,2025-10-09
perf_p_00628,p_00628,u_0136,66,61,64,2026-01-16
perf_p_00629,p_00629,u_0137,93,100,85,2025-11-16
perf_p_00630,p_00630,u_0137,88,91,73,2024-12-04
perf_p_00631,p_00631,u_0137,83,72,95,2025-10-30
perf_p_00632,p_00632,u_0137,84,80,72,2025-10-09
perf_p_00634,p_00634,u_0137,95,81,77,2025-10-27
perf_p_00636,p_00636,u_0137,81,83,61,2025-01-07
perf_p_00638,p_00638,u_0138,79,55,53,2025-12-16
perf_p_00639,p_00639,u_0138,54,69,61,2025-09-19
perf_p_00640,p_00640,u_0138,53,74,71,2025-11-19
perf_p_00641,p_00641,u_0138,62,68,63,2025-08-22
perf_p_00642,p_00642,u_0139,66,84,60,2025-06-02
perf_p_00643,p_00643,u_0139,77,87,65,2024-10-30
perf_p_00645,p_00645,u_0140,47,53,53,2026-01-25
perf_p_00646,p_00646,u_0140,54,56,43,2025-11-20
perf_p_00648,p_00648,u_0141,66,65,75,2024-10-05
perf_p_00649,p_00649,u_0141,65,68,65,2025-08-09
perf_p_00651,p_00651,u_0142,73,69,70,2025-01-03
perf_p_00652,p_00652,u_0142,70,72,66,2024-12-06
perf_p_00653,p_00653,u_0142,64,64,65,2025-02-06
perf_p_00654,p_00654,u_0142,64,62,62,2025-05-18
perf_p_00656,p_00656,u_0143,100,100,66,2026-03-01
perf_p_00657,p_00657,u_0143,81,80,77,2024-12-23
perf_p_00658,p_00658,u_0143,86,61,100,2024-11-30
perf_p_00659,p_00659,u_0143,76,94,75,2025-03-18
perf_p_00660,p_00660,u_0143,93,89,76,2024-12-01
perf_p_00661,p_00661,u_0144,89,72,84,2025-06-05
perf_p_00662,p_00662,u_0144,88,95,78,2026-03-17
perf_p_00663,p_00663,u_0144,88,76,82,2026-01-08
perf_p_00665,p_00665,u_0144,74,87,100,2025-06-19
perf_p_00666,p_00666,u_0144,83,64,75,2025-10-24
perf_p_00667,p_00667,u_0144,98,94,69,2025-06-17
perf_p_00669,p_00669,u_0145,64,56,56,2025-06-19
perf_p_00670,p_00670,u_0145,43,54,69,2025-08-02
perf_p_00671,p_00671,u_0146,77,74,64,2025-07-02
perf_p_00672,p_00672,u_0146,65,68,50,2025-12-26
perf_p_00673,p_00673,u_0146,59,62,61,2026-04-05
perf_p_00674,p_00674,u_0147,80,79,67,2025-08-31
perf_p_00676,p_00676,u_0147,74,64,75,2026-03-10
perf_p_00677,p_00677,u_0148,74,77,62,2025-05-30
perf_p_00678,p_00678,u_0148,71,90,74,2026-01-22
perf_p_00679,p_00679,u_0148,82,73,74,2025-04-11
perf_p_00680,p_00680,u_0148,83,69,72,2025-12-17
perf_p_00681,p_00681,u_0148,99,80,76,2025-02-28
perf_p_00682,p_00682,u_0148,74,72,61,2025-06-28
perf_p_00683,p_00683,u_0148,92,71,74,2025-05-09
perf_p_00684,p_00684,u_0148,75,90,57,2025-01-15
perf_p_00687,p_00687,u_0149,88,75,71,2025-01-02
perf_p_00688,p_00688,u_0149,66,67,78,2025-10-26
perf_p_00689,p_00689,u_0150,72,47,49,2025-04-21
perf_p_00690,p_00690,u_0150,46,62,48,2024-12-28
perf_p_00691,p_00691,u_0151,80,62,51,2025-08-02
perf_p_00692,p_00692,u_0151,59,69,68,2025-12-30
perf_p_00693,p_00693,u_0151,82,64,93,2025-02-18
perf_p_00694,p_00694,u_0152,77,67,63,2025-08-19
perf_p_00695,p_00695,u_0152,83,71,49,2024-12-20
perf_p_00696,p_00696,u_0152,61,79,79,2024-10-10
perf_p_00698,p_00698,u_0152,70,65,62,2026-02-08
perf_p_00699,p_00699,u_0153,97,81,75,2025-08-09
perf_p_00700,p_00700,u_0153,60,77,74,2026-01-07
perf_p_00701,p_00701,u_0153,74,59,95,2025-10-14
perf_p_00702,p_00702,u_0153,85,63,71,2025-02-23
perf_p_00703,p_00703,u_0153,68,86,79,2025-04-03
perf_p_00704,p_00704,u_0154,69,52,61,2024-10-12
perf_p_00705,p_00705,u_0154,60,66,53,2025-05-16
perf_p_00706,p_00706,u_0154,71,63,22,2026-02-05
perf_p_00708,p_00708,u_0156,78,73,97,2025-02-21
perf_p_00710,p_00710,u_0156,72,88,100,2024-11-21
perf_p_00711,p_00711,u_0156,92,88,74,2026-01-05
perf_p_00712,p_00712,u_0156,71,90,81,2025-11-12
perf_p_00713,p_00713,u_0156,100,82,66,2026-03-11
perf_p_00714,p_00714,u_0156,86,85,72,2024-11-11
perf_p_00715,p_00715,u_0156,87,97,94,2025-09-18
perf_p_00716,p_00716,u_0157,42,37,69,2025-12-05
perf_p_00717,p_00717,u_0157,53,58,58,2026-04-27
perf_p_00718,p_00718,u_0157,64,56,47,2025-03-03
perf_p_00719,p_00719,u_0158,48,66,58,2026-01-18
perf_p_00720,p_00720,u_0158,63,57,58,2024-11-25
perf_p_00721,p_00721,u_0159,56,74,67,2025-08-27
perf_p_00722,p_00722,u_0159,55,66,79,2025-12-16
perf_p_00723,p_00723,u_0159,67,57,50,2025-02-09
perf_p_00724,p_00724,u_0159,62,67,66,2025-09-25
perf_p_00725,p_00725,u_0160,57,63,60,2026-04-15
perf_p_00726,p_00726,u_0160,86,62,56,2025-12-05
perf_p_00727,p_00727,u_0160,69,64,69,2025-07-07
perf_p_00728,p_00728,u_0160,67,74,59,2025-05-02
perf_p_00730,p_00730,u_0160,78,71,61,2025-06-03
perf_p_00731,p_00731,u_0161,70,48,63,2026-02-22
perf_p_00733,p_00733,u_0161,46,63,58,2025-02-17
perf_p_00734,p_00734,u_0162,80,59,59,2026-02-28
perf_p_00735,p_00735,u_0162,57,84,59,2026-03-02
perf_p_00736,p_00736,u_0162,72,58,68,2025-10-04
perf_p_00737,p_00737,u_0162,96,72,61,2025-04-28
perf_p_00738,p_00738,u_0162,79,78,80,2025-01-11
perf_p_00739,p_00739,u_0162,66,62,41,2024-09-23
perf_p_00740,p_00740,u_0163,63,66,33,2026-03-01
perf_p_00741,p_00741,u_0163,71,46,50,2024-12-21
perf_p_00743,p_00743,u_0164,59,67,48,2025-06-15
perf_p_00744,p_00744,u_0164,46,51,51,2024-11-07
perf_p_00745,p_00745,u_0165,63,70,83,2025-05-19
perf_p_00746,p_00746,u_0165,83,98,72,2025-05-19
perf_p_00747,p_00747,u_0165,70,84,97,2025-03-11
perf_p_00748,p_00748,u_0165,97,85,74,2025-03-24
perf_p_00749,p_00749,u_0165,82,79,52,2025-01-24
perf_p_00750,p_00750,u_0166,80,81,81,2026-01-12
perf_p_00751,p_00751,u_0166,97,69,82,2024-11-02
perf_p_00752,p_00752,u_0166,78,94,80,2024-12-05
perf_p_00753,p_00753,u_0166,88,77,79,2025-04-19
perf_p_00754,p_00754,u_0166,77,77,91,2025-01-03
perf_p_00755,p_00755,u_0166,84,79,66,2025-03-29
perf_p_00756,p_00756,u_0166,71,74,80,2025-05-26
perf_p_00757,p_00757,u_0166,52,82,62,2026-01-28
perf_p_00758,p_00758,u_0167,65,63,57,2025-07-14
perf_p_00759,p_00759,u_0167,72,68,81,2025-08-26
perf_p_00760,p_00760,u_0167,69,82,62,2025-03-16
perf_p_00761,p_00761,u_0167,82,61,67,2026-02-14
perf_p_00762,p_00762,u_0168,52,57,64,2025-07-19
perf_p_00763,p_00763,u_0168,62,72,66,2025-08-27
perf_p_00764,p_00764,u_0168,49,46,61,2025-05-06
perf_p_00765,p_00765,u_0169,87,72,80,2025-08-04
perf_p_00766,p_00766,u_0169,73,58,56,2025-04-14
perf_p_00767,p_00767,u_0169,50,64,63,2025-02-18
perf_p_00768,p_00768,u_0169,75,79,70,2025-02-18
perf_p_00769,p_00769,u_0169,77,64,79,2026-01-09
perf_p_00772,p_00772,u_0170,61,55,68,2025-06-07
perf_p_00773,p_00773,u_0170,64,50,71,2025-07-18
perf_p_00777,p_00777,u_0172,66,76,63,2025-07-30
perf_p_00778,p_00778,u_0172,53,59,70,2025-10-18
perf_p_00779,p_00779,u_0172,72,68,70,2025-11-03
perf_p_00780,p_00780,u_0172,70,59,84,2025-12-22
perf_p_00781,p_00781,u_0172,72,68,64,2025-05-31
perf_p_00782,p_00782,u_0173,65,67,78,2025-08-06
perf_p_00783,p_00783,u_0173,63,74,48,2025-04-19
perf_p_00785,p_00785,u_0173,66,62,58,2025-06-18
perf_p_00786,p_00786,u_0173,77,74,60,2026-01-05
perf_p_00788,p_00788,u_0174,94,100,70,2025-10-15
perf_p_00789,p_00789,u_0174,75,61,69,2025-09-30
perf_p_00790,p_00790,u_0174,84,85,80,2025-08-27
perf_p_00791,p_00791,u_0174,82,91,84,2025-01-26
perf_p_00793,p_00793,u_0174,81,84,75,2025-11-08
perf_p_00794,p_00794,u_0174,93,63,65,2026-04-09
perf_p_00796,p_00796,u_0175,65,76,71,2026-04-20
perf_p_00799,p_00799,u_0177,57,65,46,2024-10-03
perf_p_00800,p_00800,u_0177,65,80,82,2025-07-29
perf_p_00802,p_00802,u_0177,81,67,69,2025-04-18
perf_p_00803,p_00803,u_0177,55,74,79,2025-12-26
perf_p_00805,p_00805,u_0178,79,87,88,2024-10-04
perf_p_00806,p_00806,u_0178,82,91,92,2025-11-22
perf_p_00807,p_00807,u_0178,74,88,93,2026-02-17
perf_p_00808,p_00808,u_0178,87,72,90,2024-10-13
perf_p_00809,p_00809,u_0178,100,76,72,2025-06-27
perf_p_00810,p_00810,u_0178,95,69,71,2024-11-27
perf_p_00811,p_00811,u_0178,59,71,81,2026-02-18
perf_p_00812,p_00812,u_0179,45,58,48,2026-01-03
perf_p_00814,p_00814,u_0180,65,67,85,2025-11-26
perf_p_00815,p_00815,u_0180,72,92,72,2025-02-13
perf_p_00816,p_00816,u_0180,87,84,78,2026-03-05
perf_p_00817,p_00817,u_0180,82,91,65,2025-11-27
perf_p_00818,p_00818,u_0180,97,81,80,2025-10-15
perf_p_00819,p_00819,u_0180,100,95,86,2025-11-22
perf_p_00820,p_00820,u_0180,100,100,67,2026-03-10
perf_p_00821,p_00821,u_0181,75,67,83,2026-04-22
perf_p_00822,p_00822,u_0181,100,72,75,2025-03-23
perf_p_00823,p_00823,u_0181,71,82,70,2025-03-15
perf_p_00824,p_00824,u_0181,93,89,82,2025-01-19
perf_p_00825,p_00825,u_0181,83,57,71,2025-08-12
perf_p_00826,p_00826,u_0181,99,65,74,2025-02-25
perf_p_00827,p_00827,u_0181,78,74,83,2025-04-21
perf_p_00828,p_00828,u_0181,84,79,99,2025-01-15
perf_p_00829,p_00829,u_0181,67,86,68,2025-12-09
perf_p_00831,p_00831,u_0182,100,73,85,2025-12-04
perf_p_00832,p_00832,u_0182,93,82,89,2025-10-05
perf_p_00833,p_00833,u_0182,85,85,99,2026-04-26
perf_p_00834,p_00834,u_0182,87,87,78,2025-04-13
perf_p_00835,p_00835,u_0182,98,95,69,2025-08-01
perf_p_00836,p_00836,u_0182,79,82,89,2024-12-12
perf_p_00837,p_00837,u_0183,92,79,84,2025-12-22
perf_p_00838,p_00838,u_0183,94,97,86,2025-11-15
perf_p_00839,p_00839,u_0183,74,99,67,2024-11-16
perf_p_00840,p_00840,u_0183,100,70,94,2025-07-15
perf_p_00841,p_00841,u_0183,92,100,72,2026-01-06
perf_p_00842,p_00842,u_0183,75,100,88,2025-08-08
perf_p_00843,p_00843,u_0183,100,93,85,2026-02-24
perf_p_00844,p_00844,u_0184,73,78,82,2024-10-20
perf_p_00845,p_00845,u_0184,88,76,78,2025-09-26
perf_p_00846,p_00846,u_0184,61,56,51,2025-11-14
perf_p_00847,p_00847,u_0184,82,90,86,2025-03-15
perf_p_00850,p_00850,u_0185,68,54,87,2025-02-24
perf_p_00851,p_00851,u_0185,78,71,57,2025-06-09
perf_p_00852,p_00852,u_0185,77,68,65,2024-10-07
perf_p_00854,p_00854,u_0186,61,88,90,2025-11-02
perf_p_00855,p_00855,u_0186,76,79,70,2026-03-02
perf_p_00856,p_00856,u_0186,74,74,62,2025-11-14
perf_p_00857,p_00857,u_0187,95,92,84,2026-01-11
perf_p_00858,p_00858,u_0187,79,90,95,2024-09-11
perf_p_00859,p_00859,u_0187,83,83,97,2025-06-01
perf_p_00860,p_00860,u_0187,100,98,74,2024-12-18
perf_p_00861,p_00861,u_0187,100,71,87,2026-04-18
perf_p_00863,p_00863,u_0187,92,94,100,2025-04-29
perf_p_00864,p_00864,u_0187,100,79,68,2025-10-29
perf_p_00866,p_00866,u_0188,69,83,67,2025-07-16
perf_p_00867,p_00867,u_0188,79,57,95,2026-02-25
perf_p_00869,p_00869,u_0188,42,66,64,2025-08-12
perf_p_00870,p_00870,u_0188,93,57,75,2026-04-27
perf_p_00871,p_00871,u_0189,56,36,52,2024-10-30
perf_p_00872,p_00872,u_0190,66,89,46,2024-09-25
perf_p_00873,p_00873,u_0190,85,84,80,2025-08-07
perf_p_00874,p_00874,u_0190,78,93,80,2025-08-29
perf_p_00875,p_00875,u_0190,91,100,91,2025-04-18
perf_p_00876,p_00876,u_0190,82,74,81,2025-12-05
perf_p_00877,p_00877,u_0190,89,87,82,2025-08-22
perf_p_00878,p_00878,u_0190,61,88,78,2025-08-26
perf_p_00879,p_00879,u_0190,88,71,62,2025-08-27
perf_p_00880,p_00880,u_0191,85,88,75,2025-09-20
perf_p_00881,p_00881,u_0191,87,89,79,2025-12-23
perf_p_00885,p_00885,u_0191,88,90,79,2025-07-10
perf_p_00886,p_00886,u_0192,64,62,38,2024-12-04
perf_p_00887,p_00887,u_0192,61,82,46,2025-03-16
perf_p_00890,p_00890,u_0193,52,84,74,2025-04-26
perf_p_00892,p_00892,u_0193,71,71,59,2025-09-08
perf_p_00893,p_00893,u_0194,40,53,39,2024-10-29
perf_p_00894,p_00894,u_0194,53,58,42,2025-05-04
perf_p_00896,p_00896,u_0195,60,37,70,2025-02-27
perf_p_00898,p_00898,u_0195,77,56,49,2025-04-30
perf_p_00899,p_00899,u_0196,81,56,83,2025-11-19
perf_p_00900,p_00900,u_0196,91,75,59,2025-10-26
perf_p_00901,p_00901,u_0196,65,90,92,2026-01-03
perf_p_00902,p_00902,u_0196,68,63,84,2025-07-15
perf_p_00903,p_00903,u_0197,79,70,57,2024-11-18
perf_p_00904,p_00904,u_0197,69,79,71,2025-02-05
perf_p_00905,p_00905,u_0197,66,70,99,2025-05-17
perf_p_00906,p_00906,u_0197,67,65,71,2025-11-14
perf_p_00907,p_00907,u_0197,66,74,69,2025-06-20
perf_p_00908,p_00908,u_0197,68,76,76,2025-02-13
perf_p_00909,p_00909,u_0198,85,87,77,2025-01-09
perf_p_00910,p_00910,u_0198,92,69,77,2026-01-06
perf_p_00911,p_00911,u_0198,85,92,85,2025-12-20
perf_p_00912,p_00912,u_0198,72,93,99,2025-08-26
perf_p_00913,p_00913,u_0198,100,64,100,2025-05-30
perf_p_00914,p_00914,u_0198,88,90,87,2025-03-02
perf_p_00915,p_00915,u_0199,100,77,90,2025-04-29
perf_p_00916,p_00916,u_0199,73,83,84,2025-09-17
perf_p_00917,p_00917,u_0199,91,100,66,2025-11-27
perf_p_00918,p_00918,u_0199,90,75,93,2025-06-24
perf_p_00919,p_00919,u_0199,98,74,99,2025-08-13
perf_p_00920,p_00920,u_0199,81,71,96,2025-09-11
perf_p_00921,p_00921,u_0199,94,90,88,2026-01-30
perf_p_00922,p_00922,u_0200,76,83,91,2025-06-10
perf_p_00923,p_00923,u_0200,97,92,75,2026-04-13
perf_p_00924,p_00924,u_0200,71,73,89,2025-10-07
perf_p_00926,p_00926,u_0200,88,83,88,2024-12-20
perf_p_00927,p_00927,u_0200,71,77,76,2025-05-13
perf_p_00928,p_00928,u_0200,74,93,89,2025-10-19
perf_p_00929,p_00929,u_0200,78,81,75,2025-12-05
