user_id,skill_name,proficiency,verified,added_date
u_0001,REST APIs,2,True,2024-05-27
u_0001,Kubernetes,2,False,2024-07-17
u_0001,Microservices,2,True,2023-12-30
u_0001,CI/CD,2,True,2025-12-17
u_0001,PostgreSQL,1,True,2024-12-15
u_0001,GraphQL,3,False,2026-02-04
u_0001,Unit Testing,3,True,2023-12-23
u_0002,FastAPI,1,True,2024-02-26
u_0002,Redis,1,False,2024-04-11
u_0002,PostgreSQL,1,True,2025-09-16
u_0002,TypeScript,2,True,2024-10-27
u_0003,MongoDB,2,False,2026-01-01
u_0003,Unit Testing,2,False,2024-01-25
u_0003,Docker,3,True,2025-08-23
u_0003,PostgreSQL,2,True,2025-12-19
u_0003,Node.js,2,True,2025-02-02
u_0003,SQL,4,False,2024-02-26
u_0003,Redis,2,True,2024-05-04
u_0004,System Design,2,True,2025-01-30
u_0004,Python,1,True,2024-07-23
u_0004,React,1,True,2024-05-08
u_0004,PostgreSQL,1,True,2024-02-04
u_0005,MongoDB,3,True,2024-09-05
u_0005,Unit Testing,4,False,2025-05-28
u_0005,Git,4,True,2025-07-09
u_0005,Microservices,4,True,2025-08-31
u_0005,FastAPI,5,True,2026-03-30
u_0005,TypeScript,3,True,2024-06-06
u_0005,Kubernetes,5,True,2024-07-15
u_0005,PostgreSQL,3,True,2025-06-23
u_0005,Redis,3,False,2024-09-13
u_0005,HTML/CSS,4,True,2026-03-14
u_0006,Unit Testing,3,True,2024-06-27
u_0006,GraphQL,2,False,2024-05-28
u_0006,Python,2,False,2026-01-09
u_0006,React,2,False,2025-10-13
u_0006,Microservices,3,False,2025-09-07
u_0006,HTML/CSS,2,True,2024-09-27
u_0006,FastAPI,3,True,2025-12-04
u_0007,FastAPI,2,True,2026-01-29
u_0007,Docker,1,False,2025-04-12
u_0007,System Design,2,True,2026-03-15
u_0007,PostgreSQL,3,True,2026-02-18
u_0007,HTML/CSS,4,True,2025-12-19
u_0007,Node.js,3,True,2024-02-01
u_0007,TypeScript,1,True,2025-12-27
u_0008,Git,3,False,2024-12-10
u_0008,Unit Testing,2,False,2024-11-30
u_0008,Kubernetes,4,True,2025-08-11
u_0008,CI/CD,4,False,2024-10-16
u_0008,Docker,4,True,2025-08-27
u_0008,Node.js,3,True,2025-11-02
u_0008,AWS,3,True,2024-01-01
u_0008,Python,4,True,2024-09-22
u_0008,FastAPI,4,True,2025-05-19
u_0008,GraphQL,3,True,2024-12-17
u_0008,React,2,False,2025-10-29
u_0008,MongoDB,4,False,2025-01-18
u_0008,SQL,2,True,2025-09-16
u_0009,TypeScript,1,True,2025-10-22
u_0009,Microservices,1,True,2024-11-21
u_0009,HTML/CSS,2,True,2025-10-18
u_0009,GraphQL,1,False,2024-11-17
u_0010,React,5,True,2025-09-03
u_0010,Unit Testing,2,True,2026-01-29
u_0010,GraphQL,2,True,2024-07-22
u_0010,AWS,5,True,2024-01-25
u_0010,TypeScript,3,False,2024-06-15
u_0010,HTML/CSS,2,True,2024-10-17
u_0010,REST APIs,3,True,2026-01-31
u_0010,Git,4,True,2024-03-28
u_0010,MongoDB,3,False,2024-07-29
u_0010,PostgreSQL,4,True,2024-03-29
u_0011,Python,2,True,2024-03-24
u_0011,CI/CD,2,False,2024-01-20
u_0011,Git,2,True,2025-02-17
u_0011,PostgreSQL,3,True,2025-02-20
u_0011,MongoDB,2,False,2024-06-29
u_0011,Docker,3,False,2025-05-02
u_0011,FastAPI,2,True,2025-02-27
u_0012,Python,4,False,2024-04-15
u_0012,React,4,True,2024-03-24
u_0012,Microservices,3,False,2025-11-14
u_0012,Unit Testing,5,True,2024-12-10
u_0012,HTML/CSS,4,True,2025-04-16
u_0012,PostgreSQL,3,False,2025-01-29
u_0012,Node.js,5,False,2025-09-12
u_0012,Git,4,False,2025-11-23
u_0012,CI/CD,4,True,2025-01-12
u_0012,Redis,3,True,2026-03-12
u_0013,REST APIs,4,True,2024-02-22
u_0013,Unit Testing,4,False,2025-12-11
u_0013,HTML/CSS,3,True,2025-07-08
u_0013,TypeScript,4,False,2025-06-13
u_0013,PostgreSQL,3,True,2025-09-27
u_0013,AWS,4,True,2025-11-23
u_0013,SQL,4,True,2024-11-10
u_0013,Microservices,4,True,2025-06-29
u_0013,FastAPI,3,True,2024-07-02
u_0013,Kubernetes,3,True,2024-11-08
u_0013,Docker,4,True,2025-06-25
u_0013,Git,3,True,2026-02-19
u_0013,React,3,False,2025-08-05
u_0014,Kubernetes,2,True,2024-08-21
u_0014,Python,1,True,2024-11-09
u_0014,GraphQL,1,True,2024-05-19
u_0014,Node.js,2,True,2024-01-26
u_0015,FastAPI,2,True,2024-10-30
u_0015,Python,3,True,2026-01-19
u_0015,Docker,3,False,2025-07-18
u_0015,Redis,3,True,2025-12-27
u_0015,AWS,3,False,2024-01-05
u_0015,Microservices,2,False,2025-01-23
u_0015,REST APIs,2,True,2025-07-29
u_0016,REST APIs,3,False,2025-03-28
u_0016,HTML/CSS,3,False,2025-09-29
u_0016,GraphQL,2,False,2024-01-11
u_0016,AWS,3,True,2024-06-12
u_0016,TypeScript,2,True,2026-01-06
u_0016,SQL,3,True,2024-09-07
u_0016,Redis,2,False,2025-01-29
u_0017,SQL,3,False,2023-12-29
u_0017,FastAPI,2,True,2024-10-01
u_0017,Unit Testing,3,False,2025-01-28
u_0017,Git,1,True,2024-09-07
u_0017,CI/CD,2,True,2025-01-03
u_0017,React,3,False,2025-03-01
u_0017,AWS,3,False,2024-11-20
u_0018,Docker,2,True,2025-12-18
u_0018,HTML/CSS,2,True,2024-06-29
u_0018,TypeScript,2,False,2025-08-25
u_0018,Git,3,True,2025-05-12
u_0018,Node.js,1,True,2024-11-09
u_0018,System Design,2,False,2026-03-03
u_0018,AWS,2,True,2024-04-13
u_0019,GraphQL,2,False,2025-04-04
u_0019,AWS,1,False,2025-02-17
u_0019,SQL,3,False,2025-06-16
u_0019,FastAPI,1,True,2025-08-19
u_0019,Docker,1,True,2024-04-18
u_0019,Microservices,2,False,2024-09-21
u_0019,Unit Testing,3,True,2025-07-13
u_0020,React,1,True,2024-11-27
u_0020,CI/CD,2,True,2024-02-02
u_0020,Redis,1,True,2025-08-06
u_0020,Docker,1,False,2025-04-18
u_0021,Unit Testing,1,False,2024-05-26
u_0021,REST APIs,2,True,2025-07-27
u_0021,Kubernetes,1,True,2025-02-19
u_0021,React,2,True,2026-02-23
u_0022,PostgreSQL,3,True,2024-08-31
u_0022,Docker,3,True,2025-01-07
u_0022,Redis,4,True,2026-02-01
u_0022,SQL,2,False,2025-09-08
u_0022,React,3,False,2025-10-10
u_0022,TypeScript,4,True,2024-09-01
u_0022,CI/CD,3,False,2024-04-17
u_0022,Git,5,True,2024-02-07
u_0022,Unit Testing,3,True,2024-09-28
u_0022,GraphQL,3,False,2025-10-31
u_0023,Unit Testing,2,False,2026-03-13
u_0023,FastAPI,3,False,2025-10-17
u_0023,Docker,3,False,2025-01-22
u_0023,System Design,2,False,2024-11-20
u_0023,MongoDB,3,True,2024-10-30
u_0023,PostgreSQL,3,True,2024-05-30
u_0023,Microservices,3,True,2024-09-13
u_0024,TypeScript,4,False,2024-12-05
u_0024,Redis,4,False,2026-01-13
u_0024,Kubernetes,4,False,2026-02-21
u_0024,Node.js,5,True,2025-01-09
u_0024,React,3,True,2025-10-08
u_0024,PostgreSQL,3,False,2024-09-02
u_0024,SQL,1,False,2026-01-26
u_0024,Unit Testing,3,True,2026-02-21
u_0024,System Design,4,True,2026-03-20
u_0024,Docker,4,False,2025-02-09
u_0025,REST APIs,4,True,2026-02-13
u_0025,System Design,1,True,2025-09-02
u_0025,Unit Testing,2,True,2024-11-30
u_0025,Redis,2,False,2024-03-22
u_0025,HTML/CSS,2,True,2024-02-09
u_0025,Docker,3,False,2024-04-14
u_0025,Microservices,2,True,2024-02-17
u_0026,Git,2,True,2024-12-03
u_0026,REST APIs,2,True,2023-12-14
u_0026,CI/CD,2,False,2025-09-11
u_0026,Python,3,True,2026-02-03
u_0026,HTML/CSS,3,True,2025-10-28
u_0026,Redis,3,True,2026-01-01
u_0026,AWS,2,True,2024-02-05
u_0027,Python,2,True,2024-07-16
u_0027,GraphQL,2,True,2025-08-31
u_0027,AWS,3,False,2025-02-26
u_0027,FastAPI,4,True,2025-07-19
u_0027,HTML/CSS,3,False,2023-12-02
u_0027,React,2,False,2024-04-11
u_0027,Unit Testing,2,True,2025-01-28
u_0028,Python,2,False,2024-11-19
u_0028,CI/CD,3,True,2025-05-07
u_0028,Git,1,False,2025-06-05
u_0028,HTML/CSS,1,True,2024-12-19
u_0029,Microservices,4,True,2026-02-26
u_0029,React,4,False,2024-05-13
u_0029,Unit Testing,4,False,2025-03-20
u_0029,CI/CD,2,False,2024-05-20
u_0029,GraphQL,4,True,2023-12-23
u_0029,Redis,3,True,2024-06-09
u_0029,Python,4,True,2024-10-04
u_0029,SQL,4,True,2025-04-26
u_0029,Node.js,2,True,2024-08-01
u_0029,Kubernetes,4,True,2025-12-26
u_0029,TypeScript,3,True,2025-09-17
u_0029,REST APIs,3,True,2024-08-21
u_0029,PostgreSQL,4,True,2025-12-16
u_0030,REST APIs,3,True,2026-02-09
u_0030,Unit Testing,1,False,2025-01-23
u_0030,PostgreSQL,2,True,2025-01-29
u_0030,SQL,1,False,2024-09-11
u_0030,Microservices,2,True,2024-02-29
u_0030,CI/CD,4,True,2025-02-14
u_0030,Git,3,False,2025-11-19
u_0031,HTML/CSS,1,True,2025-08-06
u_0031,SQL,2,True,2024-08-23
u_0031,REST APIs,1,True,2024-01-31
u_0031,CI/CD,1,False,2025-08-29
u_0032,Unit Testing,1,True,2024-03-24
u_0032,CI/CD,2,True,2024-07-14
u_0032,Redis,3,True,2025-06-18
u_0032,SQL,2,True,2025-07-27
u_0032,Python,3,True,2024-11-30
u_0032,Docker,3,True,2026-01-05
u_0032,HTML/CSS,3,True,2024-12-27
u_0033,PostgreSQL,4,False,2024-03-15
u_0033,GraphQL,3,True,2024-06-22
u_0033,Git,4,False,2024-09-03
u_0033,TypeScript,2,True,2024-03-20
u_0033,Python,1,True,2024-01-30
u_0033,CI/CD,2,True,2024-02-13
u_0033,Docker,4,False,2026-03-30
u_0033,Kubernetes,5,False,2024-01-21
u_0033,Node.js,3,False,2025-05-24
u_0033,AWS,3,True,2025-11-13
u_0034,SQL,4,True,2024-11-19
u_0034,CI/CD,3,False,2024-03-27
u_0034,Redis,3,False,2024-02-12
u_0034,Git,4,False,2025-11-21
u_0034,TypeScript,4,True,2025-05-07
u_0034,Microservices,3,False,2024-01-30
u_0034,Unit Testing,4,True,2024-10-05
u_0034,Docker,3,False,2025-04-28
u_0034,REST APIs,3,True,2024-03-26
u_0034,Kubernetes,5,False,2025-07-09
u_0035,SQL,3,False,2024-07-03
u_0035,FastAPI,2,True,2026-03-31
u_0035,HTML/CSS,5,True,2024-07-29
u_0035,Redis,4,True,2024-03-23
u_0035,React,5,False,2024-09-21
u_0035,Kubernetes,3,False,2024-05-06
u_0035,Microservices,3,False,2025-07-02
u_0035,GraphQL,4,False,2025-07-27
u_0035,Docker,4,True,2026-03-27
u_0035,Node.js,4,True,2024-02-07
u_0035,CI/CD,3,True,2025-09-02
u_0035,System Design,4,True,2026-01-09
u_0035,MongoDB,3,False,2025-01-15
u_0036,MongoDB,3,True,2025-02-22
u_0036,Python,1,True,2025-10-21
u_0036,Microservices,3,True,2025-03-05
u_0036,System Design,3,True,2024-10-29
u_0036,Redis,2,False,2024-10-07
u_0036,Git,2,False,2024-11-03
u_0036,TypeScript,3,True,2025-04-26
u_0037,Kubernetes,3,True,2025-08-07
u_0037,TypeScript,2,True,2026-02-26
u_0037,PostgreSQL,5,True,2025-06-29
u_0037,Git,3,True,2025-04-09
u_0037,REST APIs,3,False,2025-03-08
u_0037,React,3,True,2024-02-16
u_0037,FastAPI,4,True,2025-04-16
u_0037,Redis,3,False,2024-11-11
u_0037,Node.js,4,True,2024-01-06
u_0037,Docker,3,False,2025-10-04
u_0037,Microservices,5,True,2024-09-03
u_0037,Python,2,True,2024-04-01
u_0037,HTML/CSS,3,True,2025-11-29
u_0038,CI/CD,2,True,2024-01-30
u_0038,Unit Testing,2,True,2025-04-15
u_0038,MongoDB,2,False,2025-10-12
u_0038,React,3,False,2024-03-16
u_0038,Node.js,3,True,2026-02-06
u_0038,Python,3,True,2025-06-09
u_0038,System Design,4,True,2025-07-24
u_0039,Redis,3,False,2025-02-25
u_0039,Unit Testing,5,True,2024-10-16
u_0039,MongoDB,5,False,2024-10-07
u_0039,React,5,False,2026-03-27
u_0039,Kubernetes,5,True,2025-07-15
u_0039,Python,3,False,2025-03-31
u_0039,Docker,5,False,2025-06-14
u_0039,CI/CD,3,True,2024-10-20
u_0039,SQL,5,False,2024-03-07
u_0039,Git,5,False,2025-10-20
u_0040,Python,1,False,2024-01-07
u_0040,Microservices,1,False,2025-11-23
u_0040,GraphQL,1,False,2026-01-17
u_0040,Git,2,False,2024-07-21
u_0041,React,2,True,2024-04-19
u_0041,Node.js,2,False,2026-01-17
u_0041,TypeScript,3,False,2025-03-12
u_0041,AWS,3,True,2025-11-07
u_0041,Python,2,True,2025-04-30
u_0041,Git,3,False,2025-03-19
u_0041,SQL,3,False,2024-12-05
u_0042,PostgreSQL,1,False,2025-10-13
u_0042,SQL,1,False,2026-02-15
u_0042,REST APIs,1,True,2024-07-25
u_0042,MongoDB,1,True,2025-06-09
u_0043,System Design,2,False,2026-02-07
u_0043,Git,3,False,2024-08-22
u_0043,MongoDB,2,False,2024-12-08
u_0043,Kubernetes,4,True,2026-03-03
u_0043,AWS,2,True,2024-09-08
u_0043,CI/CD,4,True,2024-09-05
u_0043,REST APIs,3,True,2025-09-17
u_0044,GraphQL,2,False,2024-08-20
u_0044,Microservices,3,False,2024-07-18
u_0044,AWS,3,True,2024-01-06
u_0044,Kubernetes,2,False,2024-07-11
u_0044,MongoDB,2,True,2024-02-26
u_0044,REST APIs,1,True,2025-10-13
u_0044,Node.js,3,True,2023-11-21
u_0045,Kubernetes,1,True,2024-10-09
u_0045,SQL,2,True,2025-09-07
u_0045,HTML/CSS,3,False,2025-06-25
u_0045,Microservices,2,True,2025-05-16
u_0046,React,2,True,2026-01-30
u_0046,SQL,1,True,2024-05-24
u_0046,HTML/CSS,3,True,2023-12-24
u_0046,Node.js,1,True,2024-09-16
u_0047,Node.js,1,True,2025-04-15
u_0047,TypeScript,2,True,2024-08-21
u_0047,PostgreSQL,3,True,2025-12-03
u_0047,System Design,3,True,2025-09-09
u_0047,REST APIs,2,False,2024-10-26
u_0047,Kubernetes,3,True,2025-06-19
u_0047,GraphQL,2,False,2025-08-31
u_0048,Unit Testing,2,True,2024-05-23
u_0048,HTML/CSS,3,True,2023-11-22
u_0048,Redis,2,True,2024-12-12
u_0048,PostgreSQL,3,True,2024-09-20
u_0048,Docker,4,False,2025-11-25
u_0048,AWS,2,True,2025-10-25
u_0048,Kubernetes,2,True,2024-01-18
u_0049,TypeScript,1,False,2026-01-12
u_0049,REST APIs,2,True,2025-10-22
u_0049,System Design,3,True,2024-11-26
u_0049,SQL,3,False,2024-06-29
u_0050,Git,1,True,2025-01-14
u_0050,FastAPI,2,False,2025-05-31
u_0050,Microservices,3,False,2026-03-10
u_0050,Node.js,1,True,2026-01-04
u_0051,Git,4,False,2024-04-17
u_0051,Docker,3,True,2024-10-16
u_0051,Redis,4,False,2024-06-13
u_0051,REST APIs,3,False,2025-07-05
u_0051,CI/CD,2,True,2026-02-21
u_0051,React,4,True,2025-02-22
u_0051,System Design,4,False,2024-01-14
u_0051,Kubernetes,4,False,2025-03-03
u_0051,Python,3,True,2024-12-25
u_0051,GraphQL,3,True,2026-03-01
u_0052,Python,3,True,2026-01-08
u_0052,AWS,4,False,2025-12-01
u_0052,Docker,3,True,2025-02-17
u_0052,React,3,True,2024-12-04
u_0052,HTML/CSS,5,False,2024-03-31
u_0052,SQL,4,False,2024-11-06
u_0052,CI/CD,5,True,2025-05-10
u_0052,Redis,5,True,2025-11-30
u_0052,GraphQL,5,True,2024-09-16
u_0052,MongoDB,3,True,2025-10-05
u_0052,Unit Testing,3,True,2026-03-08
u_0052,Git,3,True,2024-07-26
u_0052,PostgreSQL,3,True,2025-11-27
u_0053,TypeScript,3,True,2025-07-16
u_0053,React,4,False,2024-01-04
u_0053,HTML/CSS,3,True,2025-12-13
u_0053,Python,3,False,2024-06-25
u_0053,Git,3,True,2024-04-07
u_0053,MongoDB,2,False,2025-06-27
u_0053,Node.js,2,True,2025-06-29
u_0054,MongoDB,3,True,2025-06-08
u_0054,PostgreSQL,3,False,2025-12-07
u_0054,Git,3,True,2025-06-07
u_0054,System Design,2,True,2024-01-03
u_0054,FastAPI,4,False,2024-12-10
u_0054,Node.js,2,False,2024-10-07
u_0054,GraphQL,2,True,2024-12-05
u_0055,SQL,2,False,2024-04-11
u_0055,Kubernetes,3,False,2025-01-11
u_0055,Microservices,1,True,2025-06-08
u_0055,Git,2,True,2024-06-11
u_0055,Redis,2,True,2025-09-08
u_0055,FastAPI,3,True,2024-02-18
u_0055,HTML/CSS,3,False,2025-11-26
u_0056,AWS,1,True,2024-05-26
u_0056,React,1,False,2025-11-26
u_0056,GraphQL,1,True,2024-10-21
u_0056,Unit Testing,1,True,2023-12-01
u_0057,AWS,4,True,2024-12-09
u_0057,MongoDB,3,True,2025-05-15
u_0057,TypeScript,3,True,2025-04-24
u_0057,Microservices,3,True,2025-03-07
u_0057,Git,5,True,2026-01-03
u_0057,CI/CD,5,True,2024-06-11
u_0057,System Design,3,False,2024-06-29
u_0057,REST APIs,4,False,2024-04-13
u_0057,Kubernetes,5,False,2025-07-01
u_0057,Node.js,4,False,2025-01-16
u_0058,System Design,3,False,2025-10-17
u_0058,FastAPI,2,True,2024-08-05
u_0058,AWS,3,False,2025-09-03
u_0058,PostgreSQL,2,False,2025-04-01
u_0058,Git,1,True,2024-05-07
u_0058,Kubernetes,3,True,2025-11-22
u_0058,MongoDB,2,False,2025-09-03
u_0059,React,3,True,2024-01-24
u_0059,Redis,3,False,2025-02-24
u_0059,MongoDB,3,True,2024-01-16
u_0059,Docker,3,False,2025-03-24
u_0059,Kubernetes,3,False,2025-03-29
u_0059,Unit Testing,4,True,2023-11-28
u_0059,Python,4,True,2025-05-11
u_0059,AWS,3,True,2023-12-03
u_0059,Node.js,3,False,2026-02-25
u_0059,PostgreSQL,3,True,2024-03-04
u_0060,TypeScript,2,True,2026-02-27
u_0060,Redis,2,True,2024-12-02
u_0060,FastAPI,4,True,2025-02-28
u_0060,Git,1,True,2024-09-18
u_0060,AWS,2,False,2026-03-12
u_0060,System Design,3,False,2026-01-01
u_0060,GraphQL,2,True,2024-02-19
u_0061,Unit Testing,2,True,2025-09-06
u_0061,MongoDB,2,True,2025-06-17
u_0061,Node.js,5,False,2023-12-29
u_0061,Microservices,2,True,2024-06-19
u_0061,React,3,False,2025-03-16
u_0061,PostgreSQL,2,True,2024-01-02
u_0061,Python,4,True,2025-05-25
u_0062,Node.js,3,False,2024-07-19
u_0062,React,2,False,2025-05-22
u_0062,SQL,3,True,2024-12-13
u_0062,PostgreSQL,4,False,2025-11-26
u_0062,Python,3,True,2025-04-11
u_0062,TypeScript,3,True,2025-02-05
u_0062,System Design,3,True,2026-03-23
u_0062,Docker,4,False,2025-07-17
u_0062,CI/CD,4,True,2026-01-16
u_0062,AWS,3,True,2025-04-01
u_0062,MongoDB,5,True,2024-11-14
u_0062,FastAPI,3,True,2025-10-12
u_0062,Unit Testing,3,False,2025-09-22
u_0063,Unit Testing,1,True,2024-12-09
u_0063,Docker,1,False,2026-01-26
u_0063,System Design,1,True,2024-11-19
u_0063,Git,1,True,2024-02-17
u_0064,Python,3,False,2025-06-06
u_0064,System Design,3,False,2025-01-06
u_0064,REST APIs,3,False,2024-02-19
u_0064,CI/CD,3,False,2025-07-20
u_0064,GraphQL,3,True,2024-09-09
u_0064,React,1,True,2024-12-17
u_0064,Docker,3,False,2024-07-21
u_0065,Node.js,1,True,2024-04-06
u_0065,Redis,1,True,2024-01-19
u_0065,SQL,2,True,2025-02-03
u_0065,Unit Testing,1,True,2024-11-19
u_0066,GraphQL,4,True,2024-10-23
u_0066,Git,2,False,2025-07-16
u_0066,Microservices,4,True,2024-09-18
u_0066,AWS,3,True,2025-03-20
u_0066,REST APIs,5,True,2024-05-15
u_0066,React,5,True,2025-12-07
u_0066,Docker,3,False,2025-08-25
u_0066,FastAPI,2,True,2024-10-14
u_0066,Python,4,True,2024-08-29
u_0066,Redis,4,True,2025-06-15
u_0066,SQL,3,True,2025-07-14
u_0066,PostgreSQL,4,False,2023-12-13
u_0066,System Design,3,False,2025-03-02
u_0067,AWS,2,True,2025-10-05
u_0067,REST APIs,1,True,2024-04-06
u_0067,System Design,1,False,2024-04-21
u_0067,Docker,1,False,2025-01-22
u_0068,Unit Testing,4,True,2025-05-25
u_0068,Docker,2,True,2026-02-02
u_0068,REST APIs,4,False,2025-07-16
u_0068,Microservices,2,False,2024-02-11
u_0068,MongoDB,3,False,2024-11-13
u_0068,GraphQL,3,True,2025-09-08
u_0068,Kubernetes,2,False,2025-10-09
u_0069,Unit Testing,3,True,2024-12-20
u_0069,PostgreSQL,2,False,2025-04-11
u_0069,HTML/CSS,4,True,2024-11-03
u_0069,TypeScript,4,True,2025-01-14
u_0069,Python,3,True,2024-03-13
u_0069,React,4,True,2024-09-30
u_0069,FastAPI,2,True,2025-02-24
u_0069,Redis,4,True,2025-03-17
u_0069,GraphQL,3,True,2025-02-06
u_0069,CI/CD,3,True,2024-09-18
u_0069,Node.js,3,True,2026-02-22
u_0069,MongoDB,3,True,2025-09-09
u_0069,Git,3,True,2025-10-09
u_0070,SQL,1,True,2025-03-03
u_0070,Git,1,True,2026-02-09
u_0070,Redis,1,False,2025-09-19
u_0070,MongoDB,2,True,2024-12-25
u_0071,Python,1,True,2024-08-27
u_0071,AWS,2,False,2026-02-21
u_0071,REST APIs,2,False,2024-05-25
u_0071,HTML/CSS,1,True,2024-10-14
u_0072,AWS,2,True,2025-07-09
u_0072,REST APIs,3,True,2024-11-06
u_0072,TypeScript,2,True,2026-02-26
u_0072,GraphQL,3,False,2025-11-07
u_0072,Microservices,3,False,2024-02-10
u_0072,Redis,1,False,2024-04-01
u_0072,PostgreSQL,2,True,2024-05-21
u_0073,CI/CD,4,False,2024-05-04
u_0073,FastAPI,3,True,2026-03-27
u_0073,Redis,4,True,2025-08-11
u_0073,Unit Testing,4,True,2025-03-26
u_0073,HTML/CSS,4,True,2024-06-02
u_0073,System Design,4,False,2025-09-14
u_0073,Docker,2,True,2025-01-07
u_0073,REST APIs,3,True,2025-03-30
u_0073,AWS,3,True,2024-02-08
u_0073,MongoDB,2,True,2024-09-10
u_0073,Microservices,3,True,2024-08-23
u_0073,Git,4,True,2025-06-17
u_0073,Kubernetes,4,False,2026-01-15
u_0074,Microservices,1,False,2026-03-08
u_0074,Kubernetes,1,True,2025-05-24
u_0074,Redis,2,False,2025-02-09
u_0074,TypeScript,1,False,2024-06-26
u_0075,HTML/CSS,2,True,2024-11-06
u_0075,TypeScript,1,True,2025-02-07
u_0075,Git,2,True,2024-06-17
u_0075,System Design,1,False,2025-07-10
u_0076,CI/CD,2,True,2025-06-21
u_0076,HTML/CSS,1,True,2025-05-14
u_0076,SQL,1,True,2025-11-05
u_0076,FastAPI,2,True,2024-09-07
u_0077,Node.js,4,True,2024-07-28
u_0077,GraphQL,3,True,2025-11-13
u_0077,Redis,3,False,2024-12-22
u_0077,TypeScript,4,True,2024-04-09
u_0077,FastAPI,3,True,2024-12-04
u_0077,Unit Testing,3,True,2024-02-01
u_0077,REST APIs,2,True,2025-01-01
u_0077,AWS,2,False,2025-12-22
u_0077,Python,3,True,2025-02-23
u_0077,Microservices,5,True,2024-10-16
u_0078,Node.js,1,True,2026-02-07
u_0078,Python,1,False,2024-12-27
u_0078,Docker,2,True,2025-04-05
u_0078,REST APIs,2,True,2024-10-11
u_0079,System Design,1,True,2025-10-14
u_0079,PostgreSQL,1,True,2024-01-02
u_0079,Kubernetes,3,True,2023-12-02
u_0079,FastAPI,2,True,2024-04-25
u_0080,REST APIs,5,True,2025-09-16
u_0080,MongoDB,2,True,2024-07-29
u_0080,Python,5,False,2024-05-03
u_0080,HTML/CSS,4,True,2024-12-25
u_0080,AWS,3,True,2025-01-28
u_0080,CI/CD,3,False,2024-02-17
u_0080,Docker,3,True,2024-02-03
u_0080,PostgreSQL,3,True,2025-07-15
u_0080,FastAPI,4,True,2023-11-24
u_0080,Redis,5,False,2024-11-01
u_0081,TypeScript,4,True,2024-04-04
u_0081,HTML/CSS,4,True,2026-01-16
u_0081,FastAPI,4,False,2025-10-09
u_0081,Microservices,2,True,2024-01-25
u_0081,Docker,3,False,2024-05-02
u_0081,MongoDB,3,True,2024-11-09
u_0081,AWS,3,True,2025-01-10
u_0081,React,2,False,2025-10-19
u_0081,CI/CD,3,True,2024-04-07
u_0081,Unit Testing,4,True,2025-07-11
u_0082,Unit Testing,2,False,2024-02-10
u_0082,CI/CD,1,True,2025-06-04
u_0082,HTML/CSS,1,True,2026-01-21
u_0082,PostgreSQL,1,False,2023-12-13
u_0083,System Design,2,False,2024-01-10
u_0083,AWS,2,True,2025-04-05
u_0083,Redis,1,False,2025-07-16
u_0083,Kubernetes,2,True,2025-05-09
u_0084,Python,3,True,2026-01-12
u_0084,CI/CD,3,True,2023-12-03
u_0084,PostgreSQL,3,True,2023-12-26
u_0084,FastAPI,3,True,2026-02-01
u_0084,Unit Testing,3,False,2025-04-12
u_0084,HTML/CSS,4,True,2025-01-22
u_0084,REST APIs,3,False,2025-05-19
u_0084,System Design,3,False,2024-04-20
u_0084,AWS,3,False,2024-06-11
u_0084,SQL,4,True,2025-05-18
u_0085,PostgreSQL,3,True,2024-03-13
u_0085,Unit Testing,3,True,2025-08-03
u_0085,Docker,2,False,2025-09-19
u_0085,System Design,2,False,2024-05-13
u_0085,HTML/CSS,3,False,2023-11-27
u_0085,CI/CD,3,True,2025-04-07
u_0085,Microservices,3,False,2024-08-07
u_0086,SQL,2,True,2026-02-19
u_0086,CI/CD,2,True,2025-11-14
u_0086,FastAPI,3,False,2025-08-19
u_0086,GraphQL,3,True,2024-01-11
u_0086,TypeScript,3,True,2025-06-18
u_0086,Unit Testing,3,True,2025-06-25
u_0086,Python,3,False,2025-11-25
u_0087,TypeScript,3,True,2024-12-12
u_0087,Git,3,True,2024-05-17
u_0087,Redis,4,False,2026-02-15
u_0087,Python,2,False,2025-12-13
u_0087,React,2,True,2025-01-15
u_0087,HTML/CSS,2,False,2024-10-08
u_0087,REST APIs,2,True,2024-03-17
u_0088,Redis,4,True,2024-11-27
u_0088,React,4,True,2025-12-12
u_0088,SQL,4,False,2024-07-21
u_0088,Git,2,True,2026-01-15
u_0088,Node.js,4,True,2025-12-05
u_0088,AWS,5,True,2024-04-18
u_0088,Microservices,3,True,2025-01-08
u_0088,MongoDB,4,False,2026-03-24
u_0088,FastAPI,4,False,2023-11-25
u_0088,CI/CD,4,False,2024-12-05
u_0088,Kubernetes,3,False,2025-11-29
u_0088,HTML/CSS,3,True,2025-01-18
u_0088,Unit Testing,4,True,2024-01-16
u_0089,FastAPI,1,True,2025-02-27
u_0089,GraphQL,2,False,2024-02-10
u_0089,Docker,2,False,2026-03-04
u_0089,React,2,True,2024-01-31
u_0089,Git,2,False,2024-03-28
u_0089,REST APIs,2,True,2024-09-09
u_0089,HTML/CSS,2,True,2025-11-02
u_0090,PostgreSQL,3,True,2026-01-22
u_0090,MongoDB,3,True,2024-05-02
u_0090,REST APIs,2,True,2025-03-07
u_0090,GraphQL,2,True,2026-01-12
u_0090,Git,3,True,2025-02-20
u_0090,React,2,True,2024-02-16
u_0090,TypeScript,3,True,2026-02-19
u_0091,System Design,3,False,2024-01-05
u_0091,React,3,False,2024-09-17
u_0091,AWS,2,True,2025-01-03
u_0091,PostgreSQL,5,True,2025-06-07
u_0091,FastAPI,2,True,2024-02-28
u_0091,Node.js,2,True,2024-03-19
u_0091,CI/CD,4,True,2024-03-28
u_0092,AWS,4,True,2025-09-07
u_0092,Unit Testing,3,True,2024-03-20
u_0092,CI/CD,4,True,2025-03-02
u_0092,Docker,5,True,2026-03-06
u_0092,GraphQL,4,False,2024-12-24
u_0092,REST APIs,3,True,2024-05-10
u_0092,HTML/CSS,4,True,2024-06-22
u_0092,React,4,True,2024-04-16
u_0092,Python,3,True,2025-08-05
u_0092,Node.js,3,True,2025-04-09
u_0093,HTML/CSS,2,True,2025-01-18
u_0093,Kubernetes,3,False,2024-07-28
u_0093,Microservices,4,False,2026-02-14
u_0093,React,2,True,2026-01-24
u_0093,Docker,2,False,2024-11-17
u_0093,FastAPI,1,True,2025-06-17
u_0093,AWS,3,False,2024-10-10
u_0094,Unit Testing,4,True,2024-01-14
u_0094,GraphQL,3,True,2025-05-11
u_0094,SQL,2,True,2024-04-27
u_0094,Python,3,True,2024-07-26
u_0094,PostgreSQL,2,False,2024-01-12
u_0094,System Design,2,True,2025-06-27
u_0094,TypeScript,3,True,2026-03-24
u_0095,SQL,1,True,2025-11-05
u_0095,MongoDB,2,False,2024-04-09
u_0095,Git,1,False,2024-05-26
u_0095,PostgreSQL,3,True,2025-05-24
u_0095,CI/CD,1,True,2024-05-13
u_0095,REST APIs,2,True,2025-07-24
u_0095,System Design,3,True,2023-12-06
u_0096,Redis,2,True,2024-10-29
u_0096,Microservices,1,False,2024-05-15
u_0096,Python,3,True,2024-01-15
u_0096,PostgreSQL,1,True,2024-04-15
u_0097,Node.js,2,False,2024-02-27
u_0097,FastAPI,1,True,2024-09-20
u_0097,TypeScript,2,False,2025-02-05
u_0097,Redis,4,False,2025-03-28
u_0097,CI/CD,2,False,2025-10-26
u_0097,React,2,False,2026-01-29
u_0097,SQL,2,True,2024-12-07
u_0098,System Design,3,True,2026-01-13
u_0098,MongoDB,3,False,2024-10-06
u_0098,FastAPI,2,False,2024-06-29
u_0098,SQL,2,True,2024-04-08
u_0098,Python,2,True,2025-12-18
u_0098,CI/CD,3,True,2024-05-05
u_0098,Node.js,3,False,2024-02-14
u_0099,PostgreSQL,3,True,2025-11-22
u_0099,REST APIs,3,True,2024-01-04
u_0099,Python,2,True,2025-01-12
u_0099,GraphQL,3,True,2024-12-07
u_0099,AWS,2,True,2026-01-31
u_0099,TypeScript,3,False,2025-09-12
u_0099,CI/CD,3,True,2024-01-30
u_0100,React,3,True,2025-12-04
u_0100,System Design,5,True,2024-10-27
u_0100,Python,4,False,2025-08-05
u_0100,PostgreSQL,4,True,2025-09-15
u_0100,GraphQL,3,True,2025-07-29
u_0100,MongoDB,4,True,2024-10-20
u_0100,REST APIs,3,True,2024-05-28
u_0100,SQL,3,False,2025-05-22
u_0100,Docker,4,True,2025-09-22
u_0100,AWS,3,True,2024-12-22
u_0101,Node.js,3,True,2024-02-13
u_0101,Kubernetes,2,False,2025-03-21
u_0101,Microservices,4,True,2024-02-23
u_0101,FastAPI,3,True,2024-02-07
u_0101,React,3,True,2026-03-29
u_0101,SQL,4,True,2025-03-30
u_0101,Python,3,False,2024-08-13
u_0102,Docker,4,True,2024-07-04
u_0102,Kubernetes,4,True,2025-06-15
u_0102,Unit Testing,5,False,2024-02-23
u_0102,SQL,4,True,2025-09-30
u_0102,CI/CD,3,False,2024-07-05
u_0102,REST APIs,4,False,2024-01-17
u_0102,AWS,4,True,2025-05-17
u_0102,Redis,2,False,2025-03-16
u_0102,MongoDB,3,True,2024-02-04
u_0102,Git,3,True,2025-11-16
u_0103,React,4,True,2024-02-04
u_0103,Redis,3,False,2025-02-03
u_0103,Node.js,4,True,2026-03-19
u_0103,FastAPI,5,False,2024-08-06
u_0103,TypeScript,3,True,2024-02-13
u_0103,Unit Testing,5,True,2025-06-07
u_0103,Git,3,True,2025-05-01
u_0103,Docker,4,True,2023-11-28
u_0103,REST APIs,4,False,2026-01-24
u_0103,Microservices,2,True,2024-03-10
u_0104,HTML/CSS,3,False,2025-03-14
u_0104,FastAPI,4,True,2024-05-10
u_0104,Node.js,3,False,2025-10-13
u_0104,TypeScript,4,False,2024-12-31
u_0104,Redis,5,True,2025-10-23
u_0104,System Design,4,True,2024-01-05
u_0104,Unit Testing,3,True,2023-12-06
u_0104,React,2,True,2026-03-02
u_0104,Kubernetes,4,True,2025-10-28
u_0104,GraphQL,3,False,2024-02-24
u_0104,SQL,4,True,2025-12-16
u_0104,AWS,3,True,2026-01-16
u_0104,CI/CD,4,True,2025-07-27
u_0105,Docker,2,False,2024-12-02
u_0105,AWS,3,True,2024-01-22
u_0105,REST APIs,2,True,2025-11-11
u_0105,Node.js,2,False,2025-06-20
u_0105,HTML/CSS,2,True,2024-05-11
u_0105,CI/CD,3,True,2024-07-28
u_0105,Git,4,True,2025-02-25
u_0106,React,1,True,2025-10-13
u_0106,CI/CD,2,True,2024-07-20
u_0106,AWS,2,True,2025-03-15
u_0106,GraphQL,3,False,2025-06-02
u_0106,Node.js,2,True,2025-12-21
u_0106,HTML/CSS,3,False,2024-02-16
u_0106,Git,2,True,2025-06-23
u_0107,AWS,4,True,2025-03-15
u_0107,Git,4,False,2026-02-13
u_0107,Node.js,3,True,2024-07-02
u_0107,MongoDB,3,True,2025-11-14
u_0107,GraphQL,5,False,2025-09-04
u_0107,PostgreSQL,3,True,2025-02-28
u_0107,Redis,5,True,2024-06-26
u_0107,Microservices,2,False,2024-12-26
u_0107,Python,4,False,2024-02-28
u_0107,REST APIs,5,True,2025-06-12
u_0108,MongoDB,2,True,2024-01-20
u_0108,System Design,1,True,2024-08-25
u_0108,Node.js,2,True,2025-09-17
u_0108,TypeScript,1,True,2024-05-26
u_0109,FastAPI,1,False,2025-01-02
u_0109,Redis,1,False,2023-12-12
u_0109,Git,1,False,2025-04-08
u_0109,React,2,True,2025-01-03
u_0110,Unit Testing,3,True,2026-03-25
u_0110,React,3,True,2024-02-23
u_0110,AWS,3,True,2024-03-26
u_0110,PostgreSQL,3,False,2026-01-05
u_0110,Git,2,True,2025-10-12
u_0110,Redis,4,True,2024-11-13
u_0110,GraphQL,3,True,2025-12-17
u_0110,REST APIs,4,True,2024-11-30
u_0110,Microservices,3,True,2025-07-07
u_0110,MongoDB,3,True,2024-01-09
u_0110,SQL,5,False,2025-07-05
u_0110,HTML/CSS,3,True,2024-06-02
u_0110,FastAPI,3,False,2024-03-17
u_0111,Unit Testing,2,True,2024-04-10
u_0111,Redis,5,True,2025-11-17
u_0111,System Design,4,True,2025-08-23
u_0111,HTML/CSS,4,True,2024-10-01
u_0111,React,3,True,2024-06-17
u_0111,Node.js,3,True,2025-06-28
u_0111,REST APIs,4,True,2024-03-27
u_0111,Docker,3,False,2025-02-02
u_0111,MongoDB,3,True,2024-12-12
u_0111,TypeScript,3,True,2023-12-24
u_0112,Kubernetes,2,True,2025-08-18
u_0112,AWS,2,False,2024-07-27
u_0112,CI/CD,3,True,2024-03-27
u_0112,Python,4,True,2024-12-12
u_0112,PostgreSQL,2,True,2026-03-08
u_0112,Unit Testing,2,True,2024-09-16
u_0112,HTML/CSS,3,False,2025-07-18
u_0113,Redis,2,True,2025-12-23
u_0113,PostgreSQL,3,True,2023-12-05
u_0113,HTML/CSS,4,True,2024-07-02
u_0113,FastAPI,2,False,2023-12-08
u_0113,Node.js,2,False,2025-04-15
u_0113,REST APIs,3,False,2026-02-04
u_0113,Git,3,True,2024-12-04
u_0114,GraphQL,1,True,2024-01-04
u_0114,Kubernetes,1,False,2024-03-13
u_0114,React,1,False,2024-07-31
u_0114,Node.js,2,True,2025-11-03
u_0115,FastAPI,1,False,2024-08-18
u_0115,AWS,2,False,2025-07-28
u_0115,Python,1,True,2025-04-22
u_0115,System Design,1,False,2025-08-09
u_0116,TypeScript,1,True,2026-03-16
u_0116,System Design,2,False,2024-06-09
u_0116,MongoDB,1,True,2023-12-26
u_0116,Kubernetes,2,False,2025-04-07
u_0117,AWS,3,False,2025-10-01
u_0117,Microservices,3,True,2024-04-16
u_0117,PostgreSQL,4,True,2025-11-25
u_0117,Git,2,False,2024-02-27
u_0117,Python,3,True,2024-09-14
u_0117,Node.js,2,True,2025-03-05
u_0117,Kubernetes,4,True,2024-09-08
u_0118,CI/CD,4,True,2025-08-13
u_0118,PostgreSQL,3,True,2026-02-27
u_0118,HTML/CSS,5,True,2024-05-21
u_0118,TypeScript,4,True,2024-08-20
u_0118,Redis,4,True,2025-10-22
u_0118,Kubernetes,4,False,2026-02-09
u_0118,Unit Testing,2,True,2024-03-10
u_0118,Python,4,True,2024-03-01
u_0118,REST APIs,4,True,2025-07-12
u_0118,Docker,2,True,2024-05-19
u_0118,Node.js,4,False,2024-12-08
u_0118,SQL,4,False,2026-03-23
u_0118,GraphQL,2,False,2024-03-28
u_0119,Microservices,2,False,2025-10-10
u_0119,MongoDB,3,False,2026-01-09
u_0119,TypeScript,2,True,2025-10-01
u_0119,HTML/CSS,1,True,2025-04-30
u_0119,REST APIs,1,True,2025-02-01
u_0119,Python,2,False,2025-11-29
u_0119,React,3,False,2025-09-02
u_0120,Unit Testing,3,False,2026-04-03
u_0120,FastAPI,2,True,2024-01-31
u_0120,Kubernetes,3,True,2024-10-09
u_0120,React,3,True,2025-04-18
u_0120,Python,5,True,2025-06-01
u_0120,PostgreSQL,2,True,2024-02-04
u_0120,Docker,2,True,2025-02-12
u_0121,Node.js,4,True,2024-02-29
u_0121,REST APIs,2,True,2025-01-11
u_0121,Docker,3,True,2026-02-03
u_0121,Microservices,3,False,2025-08-10
u_0121,MongoDB,1,False,2024-06-14
u_0121,SQL,1,False,2025-10-03
u_0121,React,2,True,2026-03-01
u_0122,Git,3,True,2024-02-23
u_0122,REST APIs,3,True,2024-11-13
u_0122,PostgreSQL,2,False,2026-02-12
u_0122,Microservices,2,False,2024-03-03
u_0122,CI/CD,3,True,2024-05-02
u_0122,Redis,1,False,2025-11-23
u_0122,MongoDB,3,True,2024-03-04
u_0123,GraphQL,4,False,2026-03-22
u_0123,AWS,4,False,2025-07-10
u_0123,Node.js,5,True,2025-09-20
u_0123,TypeScript,5,False,2025-04-15
u_0123,Unit Testing,4,False,2025-12-08
u_0123,Redis,4,True,2025-06-04
u_0123,Git,5,True,2025-04-19
u_0123,Microservices,3,True,2025-10-24
u_0123,REST APIs,2,True,2024-03-01
u_0123,SQL,3,True,2025-09-19
u_0124,MongoDB,3,True,2025-07-24
u_0124,PostgreSQL,4,False,2025-12-21
u_0124,Redis,2,False,2024-10-02
u_0124,Unit Testing,3,False,2025-12-09
u_0124,HTML/CSS,5,True,2024-06-17
u_0124,System Design,3,False,2025-11-16
u_0124,CI/CD,3,False,2024-03-30
u_0124,Kubernetes,4,False,2025-09-11
u_0124,TypeScript,4,False,2025-10-26
u_0124,FastAPI,3,False,2024-10-11
u_0124,AWS,3,False,2025-03-21
u_0124,SQL,2,False,2025-06-22
u_0124,Node.js,5,False,2025-12-20
u_0125,Kubernetes,2,True,2024-01-09
u_0125,System Design,2,True,2024-09-04
u_0125,HTML/CSS,2,False,2024-07-29
u_0125,Python,3,True,2024-06-11
u_0125,TypeScript,3,False,2023-12-19
u_0125,Redis,2,False,2025-10-07
u_0125,AWS,3,False,2025-06-13
u_0126,Git,1,False,2024-09-05
u_0126,Kubernetes,1,False,2025-09-26
u_0126,Unit Testing,2,True,2026-01-31
u_0126,MongoDB,2,False,2024-10-01
u_0127,Kubernetes,3,True,2025-08-25
u_0127,React,1,False,2025-11-11
u_0127,Python,2,False,2025-12-11
u_0127,GraphQL,1,False,2024-06-04
u_0127,AWS,3,True,2025-02-17
u_0127,System Design,1,True,2025-10-15
u_0127,HTML/CSS,4,False,2025-04-25
u_0128,TypeScript,4,True,2023-11-21
u_0128,Unit Testing,3,True,2023-12-26
u_0128,React,5,True,2024-10-11
u_0128,HTML/CSS,2,False,2025-08-07
u_0128,GraphQL,3,False,2024-09-19
u_0128,Microservices,2,True,2024-01-29
u_0128,FastAPI,4,False,2024-10-06
u_0128,Docker,2,False,2024-01-24
u_0128,Node.js,3,False,2024-04-27
u_0128,System Design,3,True,2024-11-07
u_0129,Git,4,True,2025-09-30
u_0129,AWS,3,False,2025-08-05
u_0129,PostgreSQL,4,False,2024-07-22
u_0129,Kubernetes,5,True,2024-12-10
u_0129,CI/CD,3,True,2024-12-15
u_0129,FastAPI,3,True,2025-04-28
u_0129,TypeScript,5,True,2025-04-25
u_0129,Unit Testing,4,True,2024-09-14
u_0129,System Design,3,False,2024-05-31
u_0129,GraphQL,3,True,2024-05-05
u_0129,MongoDB,4,False,2025-05-15
u_0129,Redis,4,False,2025-08-21
u_0129,Python,4,True,2025-10-17
u_0130,HTML/CSS,3,True,2024-01-10
u_0130,TypeScript,3,True,2026-02-06
u_0130,AWS,3,True,2024-08-06
u_0130,MongoDB,4,True,2024-12-17
u_0130,Docker,3,True,2023-12-03
u_0130,CI/CD,4,True,2025-10-05
u_0130,PostgreSQL,4,False,2025-08-10
u_0130,Microservices,4,True,2025-12-29
u_0130,Python,3,True,2024-11-16
u_0130,Git,3,False,2024-03-03
u_0131,System Design,2,True,2026-03-06
u_0131,MongoDB,1,False,2023-12-17
u_0131,Docker,1,True,2025-12-19
u_0131,Node.js,2,True,2026-02-08
u_0132,Kubernetes,3,True,2023-11-21
u_0132,System Design,2,False,2025-07-18
u_0132,FastAPI,2,True,2024-09-23
u_0132,Node.js,3,True,2025-12-21
u_0132,CI/CD,2,True,2025-01-11
u_0132,Python,1,False,2025-04-23
u_0132,GraphQL,3,False,2026-03-19
u_0133,GraphQL,3,False,2025-03-02
u_0133,AWS,2,False,2024-01-23
u_0133,TypeScript,2,True,2024-02-24
u_0133,SQL,3,True,2024-11-15
u_0133,React,3,True,2025-10-03
u_0133,HTML/CSS,2,False,2024-01-26
u_0133,Unit Testing,2,True,2024-10-06
u_0134,Microservices,4,False,2025-09-02
u_0134,REST APIs,4,True,2024-08-25
u_0134,PostgreSQL,4,False,2024-10-20
u_0134,System Design,3,True,2025-03-03
u_0134,FastAPI,2,True,2025-06-02
u_0134,Redis,4,True,2024-05-13
u_0134,Node.js,3,True,2026-03-11
u_0134,SQL,3,True,2025-05-20
u_0134,Unit Testing,4,False,2024-02-02
u_0134,AWS,5,False,2024-02-01
u_0134,Docker,5,False,2023-12-17
u_0134,Python,3,False,2025-06-30
u_0134,CI/CD,3,True,2025-06-02
u_0135,GraphQL,3,True,2026-01-14
u_0135,Kubernetes,1,True,2025-03-05
u_0135,Node.js,2,False,2025-04-21
u_0135,Microservices,3,True,2025-09-24
u_0135,FastAPI,3,True,2026-04-02
u_0135,SQL,5,False,2024-05-03
u_0135,AWS,2,False,2024-04-07
u_0136,REST APIs,3,True,2024-08-12
u_0136,SQL,3,True,2024-07-12
u_0136,Node.js,3,True,2024-12-17
u_0136,FastAPI,3,True,2025-02-23
u_0136,Microservices,3,False,2024-10-12
u_0136,Kubernetes,2,True,2025-11-05
u_0136,Python,4,True,2026-03-19
u_0137,GraphQL,3,True,2025-04-28
u_0137,Node.js,3,True,2025-04-27
u_0137,Kubernetes,5,True,2024-11-11
u_0137,SQL,4,True,2025-07-26
u_0137,Unit Testing,3,True,2025-04-12
u_0137,PostgreSQL,4,True,2024-02-02
u_0137,AWS,3,False,2025-09-04
u_0137,Redis,3,True,2024-11-20
u_0137,System Design,4,False,2025-11-19
u_0137,REST APIs,4,True,2026-02-23
u_0138,PostgreSQL,1,True,2025-09-08
u_0138,TypeScript,3,True,2024-03-25
u_0138,Microservices,2,False,2025-07-14
u_0138,Kubernetes,3,True,2025-06-24
u_0138,Redis,3,True,2024-01-12
u_0138,Node.js,3,False,2025-01-04
u_0138,System Design,4,False,2025-06-15
u_0139,Python,3,True,2025-07-23
u_0139,System Design,2,True,2026-02-06
u_0139,Docker,1,False,2025-09-21
u_0139,AWS,2,False,2024-08-12
u_0139,REST APIs,3,True,2025-07-18
u_0139,Node.js,4,False,2024-01-25
u_0139,Git,3,True,2023-12-02
u_0140,AWS,2,True,2025-07-28
u_0140,Redis,2,False,2025-07-22
u_0140,Node.js,2,True,2026-01-26
u_0140,HTML/CSS,1,True,2025-03-23
u_0141,FastAPI,2,True,2025-10-30
u_0141,Kubernetes,2,True,2026-02-01
u_0141,Python,2,True,2024-11-08
u_0141,HTML/CSS,1,False,2025-06-27
u_0141,Redis,2,True,2025-01-24
u_0141,SQL,3,True,2024-02-09
u_0141,Microservices,3,True,2025-07-20
u_0142,Kubernetes,3,True,2025-05-01
u_0142,HTML/CSS,1,True,2024-12-04
u_0142,GraphQL,2,True,2025-01-07
u_0142,AWS,1,True,2024-03-04
u_0142,Python,3,True,2024-08-09
u_0142,CI/CD,3,False,2025-01-22
u_0142,REST APIs,1,False,2024-12-26
u_0143,AWS,3,True,2025-06-29
u_0143,HTML/CSS,3,False,2024-04-05
u_0143,Kubernetes,5,False,2024-03-16
u_0143,Microservices,3,False,2024-04-29
u_0143,SQL,3,True,2024-06-22
u_0143,Redis,2,False,2025-08-05
u_0143,GraphQL,3,False,2025-10-16
u_0143,Node.js,3,False,2023-11-21
u_0143,Git,3,True,2026-03-08
u_0143,FastAPI,5,True,2024-02-14
u_0144,Docker,5,False,2025-09-17
u_0144,GraphQL,2,False,2024-01-13
u_0144,Git,3,True,2025-09-01
u_0144,CI/CD,3,False,2026-02-16
u_0144,MongoDB,4,False,2024-09-03
u_0144,System Design,4,False,2025-04-27
u_0144,Python,5,False,2024-07-10
u_0144,Redis,3,True,2024-07-17
u_0144,AWS,3,False,2023-11-16
u_0144,Unit Testing,4,True,2026-01-22
u_0145,Unit Testing,1,False,2024-06-08
u_0145,CI/CD,1,True,2024-02-16
u_0145,MongoDB,1,False,2024-09-02
u_0145,Kubernetes,1,False,2024-11-06
u_0146,CI/CD,1,False,2023-11-20
u_0146,GraphQL,2,True,2025-06-10
u_0146,Git,3,True,2025-04-14
u_0146,AWS,2,False,2024-08-05
u_0146,REST APIs,4,False,2026-02-25
u_0146,Microservices,3,True,2024-12-06
u_0146,Redis,2,False,2025-03-25
u_0147,Git,2,True,2025-10-09
u_0147,PostgreSQL,3,False,2024-07-08
u_0147,REST APIs,3,True,2025-04-27
u_0147,Kubernetes,2,False,2023-11-25
u_0147,Python,2,True,2024-02-19
u_0147,MongoDB,2,True,2025-10-05
u_0147,React,2,False,2024-05-16
u_0148,Microservices,3,False,2024-06-07
u_0148,PostgreSQL,4,True,2024-06-14
u_0148,CI/CD,4,True,2024-06-10
u_0148,AWS,4,True,2024-04-23
u_0148,GraphQL,2,True,2024-03-17
u_0148,Docker,5,False,2025-04-03
u_0148,Kubernetes,3,False,2023-11-22
u_0148,Node.js,4,True,2026-04-02
u_0148,TypeScript,3,True,2024-11-30
u_0148,Git,3,False,2024-08-23
u_0149,Microservices,2,False,2024-03-26
u_0149,SQL,4,True,2025-05-22
u_0149,Redis,3,True,2025-04-13
u_0149,GraphQL,2,True,2025-02-26
u_0149,Unit Testing,4,True,2025-10-31
u_0149,TypeScript,2,True,2023-11-28
u_0149,MongoDB,2,False,2024-06-18
u_0150,Unit Testing,1,True,2025-05-30
u_0150,Node.js,3,True,2024-07-15
u_0150,TypeScript,1,True,2024-11-24
u_0150,PostgreSQL,4,True,2025-04-09
u_0151,HTML/CSS,2,True,2025-06-27
u_0151,AWS,3,False,2024-07-07
u_0151,MongoDB,3,True,2025-06-06
u_0151,CI/CD,1,True,2024-12-10
u_0151,Redis,3,False,2024-04-17
u_0151,Kubernetes,4,True,2026-02-18
u_0151,Node.js,3,True,2026-04-03
u_0152,Redis,3,False,2024-01-03
u_0152,Kubernetes,2,True,2024-06-23
u_0152,PostgreSQL,3,True,2025-03-17
u_0152,Microservices,3,False,2024-10-23
u_0152,System Design,2,True,2024-11-19
u_0152,FastAPI,2,True,2024-11-02
u_0152,GraphQL,3,True,2025-01-10
u_0153,TypeScript,4,True,2024-12-10
u_0153,CI/CD,3,False,2024-09-04
u_0153,AWS,2,True,2025-09-01
u_0153,SQL,4,True,2025-01-20
u_0153,System Design,3,True,2024-02-05
u_0153,Redis,3,True,2024-11-01
u_0153,REST APIs,4,True,2025-11-12
u_0153,PostgreSQL,4,True,2025-07-27
u_0153,GraphQL,3,True,2026-01-23
u_0153,Git,3,True,2025-12-20
u_0154,Node.js,2,True,2025-11-30
u_0154,Redis,3,True,2025-09-23
u_0154,REST APIs,1,False,2024-02-05
u_0154,HTML/CSS,3,True,2024-05-04
u_0155,Unit Testing,2,True,2023-12-12
u_0155,TypeScript,1,True,2025-05-05
u_0155,Node.js,2,True,2025-08-09
u_0155,Docker,1,True,2024-02-10
u_0156,Unit Testing,3,True,2025-03-17
u_0156,System Design,2,True,2025-05-22
u_0156,Git,4,True,2025-10-30
u_0156,Kubernetes,3,False,2024-05-15
u_0156,Node.js,3,False,2025-08-28
u_0156,Redis,3,False,2025-02-03
u_0156,PostgreSQL,2,True,2024-11-05
u_0156,Docker,3,True,2025-05-21
u_0156,MongoDB,4,True,2024-11-24
u_0156,GraphQL,4,True,2024-08-08
u_0156,CI/CD,4,False,2026-02-27
u_0156,Python,4,True,2024-11-02
u_0156,HTML/CSS,3,False,2025-04-02
u_0157,Microservices,2,True,2025-07-19
u_0157,System Design,2,True,2024-05-27
u_0157,Python,2,True,2025-06-12
u_0157,HTML/CSS,1,False,2025-12-09
u_0158,Unit Testing,2,True,2025-01-21
u_0158,MongoDB,1,False,2026-02-19
u_0158,Git,1,False,2025-10-17
u_0158,GraphQL,1,False,2026-02-21
u_0159,GraphQL,4,True,2025-08-29
u_0159,HTML/CSS,2,False,2025-08-14
u_0159,AWS,3,True,2024-05-26
u_0159,Docker,2,False,2023-12-08
u_0159,SQL,3,True,2024-02-28
u_0159,Redis,2,True,2025-11-29
u_0159,FastAPI,3,True,2024-07-11
u_0160,Docker,2,True,2025-03-04
u_0160,FastAPI,4,False,2026-02-03
u_0160,Python,3,True,2024-01-12
u_0160,Microservices,3,True,2026-01-18
u_0160,AWS,2,True,2024-05-30
u_0160,SQL,3,True,2026-03-01
u_0160,Redis,2,False,2024-07-27
u_0161,Unit Testing,2,True,2025-03-01
u_0161,REST APIs,1,False,2024-06-16
u_0161,Git,1,True,2024-12-18
u_0161,React,1,True,2024-04-26
u_0162,React,2,True,2024-06-06
u_0162,Kubernetes,2,False,2024-06-26
u_0162,Redis,3,True,2024-07-14
u_0162,TypeScript,2,True,2026-02-06
u_0162,GraphQL,2,True,2025-07-06
u_0162,Git,4,True,2023-12-29
u_0162,PostgreSQL,3,False,2026-01-26
u_0163,Microservices,2,False,2025-08-10
u_0163,FastAPI,2,True,2026-01-01
u_0163,CI/CD,1,False,2024-04-21
u_0163,Docker,1,False,2025-05-18
u_0164,TypeScript,1,False,2025-12-29
u_0164,FastAPI,2,True,2026-02-17
u_0164,Microservices,3,True,2025-10-21
u_0164,Git,1,True,2024-11-16
u_0165,FastAPI,4,True,2024-10-12
u_0165,GraphQL,4,False,2025-03-09
u_0165,React,3,False,2024-04-28
u_0165,Microservices,5,True,2025-05-12
u_0165,REST APIs,4,True,2025-05-23
u_0165,Node.js,4,True,2025-02-22
u_0165,MongoDB,5,True,2025-12-06
u_0165,Redis,4,True,2023-12-05
u_0165,CI/CD,3,False,2024-07-17
u_0165,Git,3,True,2025-11-23
u_0166,Docker,3,True,2024-02-22
u_0166,Kubernetes,5,False,2025-09-20
u_0166,Unit Testing,5,True,2024-05-16
u_0166,AWS,4,True,2024-06-09
u_0166,Microservices,4,True,2025-06-22
u_0166,Node.js,4,False,2026-03-21
u_0166,GraphQL,3,False,2025-11-03
u_0166,MongoDB,4,False,2024-08-04
u_0166,System Design,4,False,2024-01-27
u_0166,FastAPI,4,True,2024-06-16
u_0167,Microservices,3,True,2026-02-06
u_0167,Docker,2,False,2024-01-14
u_0167,REST APIs,3,True,2025-12-06
u_0167,React,2,True,2026-03-19
u_0167,CI/CD,2,False,2024-02-23
u_0167,GraphQL,4,True,2025-11-27
u_0167,MongoDB,3,True,2025-05-07
u_0168,Git,2,False,2024-03-03
u_0168,Node.js,2,False,2025-02-27
u_0168,SQL,1,False,2025-09-27
u_0168,HTML/CSS,1,True,2025-06-01
u_0169,Unit Testing,3,True,2025-06-01
u_0169,Redis,3,True,2025-01-11
u_0169,PostgreSQL,2,False,2025-01-29
u_0169,SQL,3,True,2025-06-14
u_0169,REST APIs,2,False,2024-06-22
u_0169,Microservices,2,False,2024-08-02
u_0169,Node.js,3,True,2025-02-21
u_0170,REST APIs,1,True,2023-11-22
u_0170,Unit Testing,2,True,2024-06-30
u_0170,Python,3,False,2026-03-07
u_0170,React,3,True,2025-06-04
u_0170,System Design,1,False,2024-04-22
u_0170,Microservices,2,True,2023-12-24
u_0170,Kubernetes,2,True,2024-11-25
u_0171,Node.js,2,True,2024-02-18
u_0171,Git,1,True,2025-12-06
u_0171,MongoDB,1,True,2025-11-25
u_0171,GraphQL,1,True,2026-03-10
u_0172,Node.js,3,True,2026-01-13
u_0172,TypeScript,2,True,2025-01-15
u_0172,System Design,4,True,2026-01-12
u_0172,React,3,False,2023-11-27
u_0172,Unit Testing,4,False,2026-01-20
u_0172,Redis,2,False,2023-12-28
u_0172,Microservices,2,True,2025-05-21
u_0173,Node.js,1,True,2025-12-25
u_0173,FastAPI,1,False,2025-06-27
u_0173,PostgreSQL,2,True,2026-01-29
u_0173,Redis,2,True,2024-04-15
u_0173,Git,3,False,2025-12-18
u_0173,Docker,3,True,2025-05-30
u_0173,Python,2,False,2025-02-02
u_0174,FastAPI,4,False,2025-12-08
u_0174,MongoDB,3,True,2026-01-19
u_0174,Microservices,3,True,2024-10-12
u_0174,AWS,3,True,2025-10-03
u_0174,Kubernetes,3,True,2025-01-22
u_0174,Redis,3,True,2025-07-16
u_0174,PostgreSQL,4,False,2023-12-10
u_0174,System Design,4,True,2025-08-08
u_0174,TypeScript,3,True,2025-08-15
u_0174,GraphQL,4,True,2024-06-07
u_0175,CI/CD,3,True,2026-03-17
u_0175,FastAPI,3,False,2026-02-16
u_0175,Docker,2,True,2024-09-23
u_0175,TypeScript,2,True,2025-12-12
u_0175,React,3,False,2024-06-19
u_0175,Redis,3,True,2025-05-30
u_0175,System Design,3,True,2025-08-14
u_0176,FastAPI,2,True,2024-06-08
u_0176,Python,2,False,2025-08-09
u_0176,Unit Testing,1,True,2024-01-23
u_0176,Redis,2,True,2025-09-22
u_0177,GraphQL,1,False,2025-11-11
u_0177,CI/CD,4,True,2024-10-04
u_0177,TypeScript,1,True,2024-05-24
u_0177,Python,3,True,2025-04-11
u_0177,System Design,4,False,2023-12-08
u_0177,HTML/CSS,2,True,2024-07-26
u_0177,PostgreSQL,3,True,2024-12-22
u_0178,SQL,3,True,2025-08-17
u_0178,Python,3,True,2025-06-06
u_0178,CI/CD,4,True,2024-07-03
u_0178,Kubernetes,4,False,2024-04-04
u_0178,Redis,5,True,2025-12-02
u_0178,PostgreSQL,2,False,2025-08-17
u_0178,FastAPI,5,False,2024-07-05
u_0178,TypeScript,3,True,2024-09-30
u_0178,GraphQL,4,False,2024-10-18
u_0178,HTML/CSS,3,False,2024-04-05
u_0179,Node.js,2,True,2025-10-21
u_0179,Kubernetes,1,True,2025-01-29
u_0179,AWS,1,True,2025-09-17
u_0179,FastAPI,3,True,2024-01-24
u_0180,Kubernetes,3,True,2025-12-18
u_0180,MongoDB,5,False,2024-08-22
u_0180,TypeScript,3,True,2026-01-21
u_0180,SQL,4,True,2026-01-04
u_0180,PostgreSQL,4,False,2025-08-08
u_0180,HTML/CSS,3,True,2025-07-18
u_0180,Docker,5,True,2024-07-09
u_0180,CI/CD,3,False,2026-01-22
u_0180,Python,3,True,2024-04-01
u_0180,Redis,2,False,2025-09-11
u_0180,AWS,3,True,2024-05-22
u_0180,System Design,4,True,2024-05-01
u_0180,FastAPI,3,True,2024-07-04
u_0181,React,5,True,2025-08-08
u_0181,HTML/CSS,4,True,2025-10-20
u_0181,Python,3,True,2025-01-26
u_0181,GraphQL,4,True,2026-01-18
u_0181,Node.js,5,True,2025-11-22
u_0181,TypeScript,4,True,2024-12-23
u_0181,CI/CD,2,False,2025-05-18
u_0181,PostgreSQL,3,False,2025-09-02
u_0181,REST APIs,4,False,2024-03-06
u_0181,Microservices,3,True,2025-02-25
u_0182,React,3,True,2025-03-02
u_0182,Git,4,True,2025-01-21
u_0182,Redis,3,False,2025-04-28
u_0182,Unit Testing,5,True,2025-03-04
u_0182,MongoDB,4,False,2025-04-11
u_0182,GraphQL,3,True,2024-05-18
u_0182,AWS,4,False,2025-05-28
u_0182,REST APIs,2,True,2024-12-22
u_0182,PostgreSQL,3,True,2025-02-22
u_0182,Python,4,False,2025-11-14
u_0182,TypeScript,5,True,2024-07-29
u_0182,FastAPI,2,True,2025-10-24
u_0182,Node.js,3,True,2025-11-20
u_0183,TypeScript,2,False,2024-12-09
u_0183,Docker,4,True,2025-06-17
u_0183,MongoDB,4,False,2024-04-17
u_0183,REST APIs,4,False,2024-01-07
u_0183,CI/CD,4,True,2024-09-26
u_0183,React,3,True,2024-09-06
u_0183,GraphQL,5,False,2024-05-19
u_0183,Microservices,4,True,2023-11-19
u_0183,AWS,4,False,2026-01-07
u_0183,HTML/CSS,3,True,2025-05-25
u_0183,System Design,4,True,2025-07-30
u_0183,Node.js,4,False,2025-09-21
u_0183,Unit Testing,3,True,2025-02-22
u_0184,HTML/CSS,2,True,2024-01-05
u_0184,REST APIs,4,True,2024-04-15
u_0184,Docker,3,True,2023-12-19
u_0184,Python,3,False,2025-06-29
u_0184,Git,3,True,2024-01-05
u_0184,Node.js,2,True,2025-01-15
u_0184,GraphQL,3,True,2025-08-02
u_0185,MongoDB,2,True,2023-12-22
u_0185,Node.js,3,True,2024-12-08
u_0185,Kubernetes,3,True,2025-12-31
u_0185,SQL,2,True,2025-03-12
u_0185,REST APIs,3,True,2024-03-19
u_0185,CI/CD,2,False,2025-01-12
u_0185,System Design,2,False,2024-06-17
u_0186,AWS,2,False,2024-09-05
u_0186,React,1,True,2025-07-31
u_0186,TypeScript,3,False,2025-08-15
u_0186,Redis,2,True,2024-03-27
u_0186,Docker,2,False,2025-08-24
u_0186,Git,2,True,2025-04-03
u_0186,CI/CD,3,True,2025-11-10
u_0187,System Design,2,True,2024-10-22
u_0187,AWS,3,True,2023-11-27
u_0187,Python,5,False,2024-06-09
u_0187,TypeScript,3,True,2024-09-26
u_0187,Kubernetes,3,True,2025-04-17
u_0187,Git,2,True,2025-10-18
u_0187,PostgreSQL,3,True,2024-10-30
u_0187,Unit Testing,3,True,2026-03-17
u_0187,React,4,True,2024-06-01
u_0187,Redis,3,False,2025-03-20
u_0187,MongoDB,4,True,2026-02-09
u_0187,Node.js,4,True,2025-08-19
u_0187,GraphQL,4,True,2025-05-18
u_0188,PostgreSQL,2,True,2024-06-16
u_0188,REST APIs,2,False,2025-10-17
u_0188,HTML/CSS,2,True,2024-01-22
u_0188,React,4,True,2024-08-29
u_0188,System Design,3,True,2025-08-18
u_0188,Microservices,2,False,2026-03-27
u_0188,CI/CD,3,True,2025-07-17
u_0189,TypeScript,2,True,2025-01-12
u_0189,System Design,3,True,2025-02-20
u_0189,PostgreSQL,2,True,2024-06-24
u_0189,React,1,True,2026-01-27
u_0190,React,3,True,2025-03-25
u_0190,AWS,3,True,2024-04-10
u_0190,Docker,3,True,2026-03-06
u_0190,REST APIs,4,True,2024-06-13
u_0190,Python,3,False,2023-12-23
u_0190,Unit Testing,2,False,2024-03-13
u_0190,Git,4,True,2024-09-29
u_0190,GraphQL,5,False,2024-02-13
u_0190,Kubernetes,3,True,2025-03-08
u_0190,TypeScript,4,False,2025-12-18
u_0191,System Design,3,True,2024-04-16
u_0191,Python,4,False,2025-06-11
u_0191,MongoDB,4,False,2024-02-28
u_0191,AWS,4,True,2024-08-19
u_0191,PostgreSQL,4,True,2025-11-06
u_0191,TypeScript,4,True,2024-01-27
u_0191,REST APIs,3,True,2025-08-04
u_0191,FastAPI,4,True,2024-03-28
u_0191,Unit Testing,3,True,2025-03-12
u_0191,GraphQL,4,True,2024-01-10
u_0191,SQL,3,True,2025-01-25
u_0191,Git,3,False,2025-08-21
u_0191,React,4,False,2025-11-01
u_0192,REST APIs,2,False,2026-02-21
u_0192,CI/CD,1,False,2024-02-04
u_0192,System Design,3,True,2025-06-19
u_0192,PostgreSQL,1,True,2024-02-19
u_0193,REST APIs,3,False,2024-08-06
u_0193,TypeScript,2,True,2024-12-21
u_0193,MongoDB,3,True,2026-01-31
u_0193,System Design,4,True,2025-02-22
u_0193,Kubernetes,2,True,2024-11-09
u_0193,Git,3,True,2025-03-02
u_0193,Node.js,3,True,2025-07-26
u_0194,Node.js,1,True,2026-03-02
u_0194,FastAPI,1,False,2025-09-11
u_0194,Redis,1,True,2026-02-04
u_0194,TypeScript,1,False,2025-01-12
u_0195,Git,3,True,2024-06-16
u_0195,MongoDB,3,True,2025-06-18
u_0195,Kubernetes,2,True,2025-05-26
u_0195,SQL,2,False,2024-02-03
u_0195,Microservices,2,False,2025-11-13
u_0195,AWS,2,False,2025-07-18
u_0195,React,2,True,2024-10-14
u_0196,Kubernetes,2,False,2026-01-13
u_0196,TypeScript,2,True,2024-10-16
u_0196,REST APIs,1,True,2024-06-25
u_0196,SQL,3,True,2025-07-02
u_0196,System Design,3,True,2025-12-30
u_0196,AWS,2,True,2025-09-22
u_0196,React,3,True,2025-08-07
u_0197,Node.js,3,False,2024-09-22
u_0197,REST APIs,4,False,2024-11-02
u_0197,AWS,2,True,2025-07-04
u_0197,Kubernetes,5,True,2026-04-01
u_0197,PostgreSQL,3,True,2024-09-12
u_0197,FastAPI,4,True,2023-11-16
u_0197,System Design,3,False,2025-06-11
u_0198,CI/CD,3,True,2025-02-03
u_0198,TypeScript,4,False,2024-06-19
u_0198,System Design,3,True,2025-06-06
u_0198,Python,3,True,2026-03-28
u_0198,Git,5,True,2024-09-06
u_0198,AWS,3,False,2024-03-23
u_0198,MongoDB,4,True,2024-04-11
u_0198,Kubernetes,4,False,2025-03-28
u_0198,REST APIs,2,True,2024-02-10
u_0198,PostgreSQL,2,True,2025-09-03
u_0199,HTML/CSS,3,True,2026-04-01
u_0199,REST APIs,4,False,2024-07-15
u_0199,MongoDB,3,False,2025-06-28
u_0199,SQL,3,True,2023-12-20
u_0199,Node.js,5,False,2024-11-27
u_0199,GraphQL,3,True,2025-07-02
u_0199,AWS,2,True,2025-12-02
u_0199,Microservices,4,False,2025-05-08
u_0199,Git,5,True,2025-03-06
u_0199,Kubernetes,3,False,2024-02-04
u_0199,Redis,2,True,2025-03-13
u_0199,TypeScript,3,False,2025-12-14
u_0199,Docker,3,False,2025-08-25
u_0200,Kubernetes,2,False,2025-03-10
u_0200,Node.js,3,True,2026-02-10
u_0200,System Design,3,True,2024-09-07
u_0200,React,4,False,2025-12-22
u_0200,PostgreSQL,5,True,2025-11-29
u_0200,GraphQL,4,False,2025-03-14
u_0200,Unit Testing,3,False,2024-05-07
u_0200,Python,2,True,2026-02-21
u_0200,Git,3,False,2025-08-16
u_0200,CI/CD,4,True,2025-04-16
